{
"skeleton": { "hash": "gQfTW9wQkHS7g8NAK6eZNl/cV2U", "spine": "3.7.89", "width": 277.6, "height": 154.4 },
"bones": [
	{ "name": "root" },
	{ "name": "ball_big_action", "parent": "root", "x": 400, "y": -90 },
	{ "name": "ball_big", "parent": "ball_big_action", "x": -72.31, "y": 211.3 },
	{ "name": "ball", "parent": "ball_big", "x": -0.26, "y": 0.14 },
	{ "name": "ball_red_1", "parent": "ball" },
	{ "name": "ball_red_2", "parent": "ball", "rotation": -36.65 },
	{ "name": "ball_red_3", "parent": "ball", "rotation": -72.41 },
	{ "name": "ball_red_4", "parent": "ball", "rotation": -108.64 },
	{ "name": "ball_red_5", "parent": "ball", "rotation": -144.25 },
	{ "name": "ball_red_6", "parent": "ball", "rotation": -179.25 },
	{ "name": "ball_red_7", "parent": "ball", "rotation": 144.22 },
	{ "name": "ball_red_8", "parent": "ball", "rotation": 107.48 },
	{ "name": "ball_red_9", "parent": "ball", "rotation": 72.2 },
	{ "name": "ball_red_10", "parent": "ball", "rotation": 35.71 },
	{ "name": "airflow_front", "parent": "ball_big", "x": -70 },
	{ "name": "airflow2", "parent": "airflow_front", "length": 120, "rotation": 180, "x": 34.16, "y": 51.71 },
	{ "name": "airflow3", "parent": "airflow_front", "length": 120, "rotation": 180, "x": 34.16, "y": 17.14 },
	{ "name": "airflow4", "parent": "airflow_front", "length": 120, "rotation": 180, "x": 34.16, "y": -15.84 },
	{ "name": "airflow5", "parent": "airflow_front", "length": 120, "rotation": -180, "x": 34.16, "y": -48.61 },
	{ "name": "airflow_back", "parent": "ball_big", "x": -70 },
	{ "name": "airflow7", "parent": "airflow_back", "length": 120, "rotation": 180, "x": 34.16, "y": 51.71 },
	{ "name": "airflow8", "parent": "airflow_back", "length": 120, "rotation": 180, "x": 34.16, "y": 17.14 },
	{ "name": "airflow9", "parent": "airflow_back", "length": 120, "rotation": 180, "x": 34.16, "y": -15.84 },
	{ "name": "airflow10", "parent": "airflow_back", "length": 120, "rotation": -180, "x": 34.16, "y": -48.61 },
	{ "name": "ball_light", "parent": "ball_big", "x": -0.06, "y": 0.03 }
],
"slots": [
	{ "name": "airflow2", "bone": "airflow_back", "attachment": "airflow" },
	{ "name": "ball_red", "bone": "ball_red_1", "attachment": "ball_red" },
	{ "name": "ball_red2", "bone": "ball_red_2", "attachment": "ball_red" },
	{ "name": "ball_red3", "bone": "ball_red_3", "attachment": "ball_red" },
	{ "name": "ball_red4", "bone": "ball_red_4", "attachment": "ball_red" },
	{ "name": "ball_red5", "bone": "ball_red_5", "attachment": "ball_red" },
	{ "name": "ball_red6", "bone": "ball_red_6", "attachment": "ball_red" },
	{ "name": "ball_red7", "bone": "ball_red_7", "attachment": "ball_red" },
	{ "name": "ball_red8", "bone": "ball_red_8", "attachment": "ball_red" },
	{ "name": "ball_red9", "bone": "ball_red_9", "attachment": "ball_red" },
	{ "name": "ball_red10", "bone": "ball_red_10", "attachment": "ball_red" },
	{ "name": "ball_whiteline", "bone": "ball", "attachment": "ball_whiteline" },
	{ "name": "ball_light", "bone": "ball_light", "attachment": "ball_light" },
	{ "name": "airflow", "bone": "airflow_front", "attachment": "airflow" },
	{ "name": "big_ball_movement", "bone": "ball_big_action", "attachment": "big_ball_movement" }
],
"path": [
	{
		"name": "big_ball_drop_movement",
		"order": 0,
		"bones": [ "ball_big" ],
		"target": "big_ball_movement"
	}
],
"skins": {
	"default": {
		"airflow": {
			"airflow": {
				"type": "mesh",
				"uvs": [ 1, 0.15926, 1, 0.27242, 1, 0.3935, 1, 0.49986, 1, 0.60736, 1, 0.71939, 1, 0.82576, 1, 1, 0, 1, 0, 0.83368, 0, 0.72618, 0, 0.60623, 0, 0.4976, 0, 0.39123, 0, 0.26789, 0, 0.157, 0, 0, 1, 0 ],
				"triangles": [ 7, 9, 6, 7, 8, 9, 9, 10, 6, 10, 5, 6, 10, 11, 5, 11, 4, 5, 11, 3, 4, 11, 12, 3, 12, 2, 3, 12, 13, 2, 13, 1, 2, 13, 14, 1, 14, 0, 1, 14, 15, 0, 15, 17, 0, 15, 16, 17 ],
				"vertices": [ 3, 15, -47.25, -0.64, 0.7445, 16, -47.25, -35.22, 0.22698, 17, -47.25, -68.2, 0.02852, 4, 15, -47.25, 16.56, 0.50027, 16, -47.25, -18.02, 0.39344, 17, -47.25, -51, 0.10291, 18, -47.25, -83.77, 0.00338, 4, 15, -47.25, 34.96, 0.25106, 16, -47.25, 0.39, 0.47817, 17, -47.25, -32.59, 0.24662, 18, -47.25, -65.36, 0.02415, 4, 15, -47.25, 51.13, 0.09255, 16, -47.25, 16.56, 0.40566, 17, -47.25, -16.43, 0.40656, 18, -47.25, -49.19, 0.09523, 4, 15, -47.25, 67.47, 0.02342, 16, -47.25, 32.9, 0.2471, 17, -47.25, -0.09, 0.47749, 18, -47.25, -32.85, 0.25199, 4, 15, -47.25, 84.5, 0.00315, 16, -47.25, 49.92, 0.10928, 17, -47.25, 16.94, 0.39526, 18, -47.25, -15.83, 0.49231, 4, 15, -47.25, 100.66, 6.0E-5, 16, -47.25, 66.09, 0.03441, 17, -47.25, 33.11, 0.23442, 18, -47.25, 0.34, 0.73112, 3, 16, -47.25, 92.58, 0.00962, 17, -47.25, 59.59, 0.12117, 18, -47.25, 26.83, 0.86921, 3, 16, 160.75, 92.58, 0.00267, 17, 160.75, 59.59, 0.10699, 18, 160.75, 26.83, 0.89034, 3, 16, 160.75, 67.3, 0.02325, 17, 160.75, 34.31, 0.22392, 18, 160.75, 1.55, 0.75283, 4, 15, 160.75, 85.53, 0.00204, 16, 160.75, 50.96, 0.09228, 17, 160.75, 17.97, 0.40035, 18, 160.75, -14.79, 0.50532, 4, 15, 160.75, 67.3, 0.02085, 16, 160.75, 32.72, 0.23119, 17, 160.75, -0.26, 0.48942, 18, 160.75, -33.03, 0.25854, 4, 15, 160.75, 50.78, 0.08923, 16, 160.75, 16.21, 0.3956, 17, 160.75, -16.77, 0.42397, 18, 160.75, -49.54, 0.0912, 4, 15, 160.75, 34.62, 0.25529, 16, 160.75, 0.04, 0.46908, 17, 160.75, -32.94, 0.25418, 18, 160.75, -65.71, 0.02145, 4, 15, 160.75, 15.87, 0.50874, 16, 160.75, -18.7, 0.38582, 17, 160.75, -51.69, 0.10325, 18, 160.75, -84.45, 0.00218, 3, 15, 160.75, -0.99, 0.76168, 16, 160.75, -35.56, 0.21221, 17, 160.75, -68.54, 0.0261, 3, 15, 160.75, -24.85, 0.89486, 16, 160.75, -59.42, 0.10068, 17, 160.75, -92.41, 0.00446, 3, 15, -47.25, -24.85, 0.88059, 16, -47.25, -59.42, 0.11315, 17, -47.25, -92.41, 0.00626 ],
				"hull": 18
			}
		},
		"airflow2": {
			"airflow": {
				"type": "mesh",
				"uvs": [ 1, 0.15926, 1, 0.27242, 1, 0.3935, 1, 0.49986, 1, 0.60736, 1, 0.71939, 1, 0.82576, 1, 1, 0, 1, 0, 0.83368, 0, 0.72618, 0, 0.60623, 0, 0.4976, 0, 0.39123, 0, 0.26789, 0, 0.157, 0, 0, 1, 0 ],
				"triangles": [ 7, 9, 6, 7, 8, 9, 9, 10, 6, 10, 5, 6, 10, 11, 5, 11, 4, 5, 11, 3, 4, 11, 12, 3, 12, 2, 3, 12, 13, 2, 13, 1, 2, 13, 14, 1, 14, 0, 1, 14, 15, 0, 15, 17, 0, 15, 16, 17 ],
				"vertices": [ 3, 20, -47.25, -0.64, 0.7445, 21, -47.25, -35.22, 0.22698, 22, -47.25, -68.2, 0.02852, 4, 20, -47.25, 16.56, 0.50027, 21, -47.25, -18.02, 0.39344, 22, -47.25, -51, 0.10291, 23, -47.25, -83.77, 0.00338, 4, 20, -47.25, 34.96, 0.25106, 21, -47.25, 0.39, 0.47817, 22, -47.25, -32.59, 0.24662, 23, -47.25, -65.36, 0.02415, 4, 20, -47.25, 51.13, 0.09255, 21, -47.25, 16.56, 0.40566, 22, -47.25, -16.43, 0.40656, 23, -47.25, -49.19, 0.09523, 4, 20, -47.25, 67.47, 0.02342, 21, -47.25, 32.9, 0.2471, 22, -47.25, -0.09, 0.47749, 23, -47.25, -32.85, 0.25199, 4, 20, -47.25, 84.5, 0.00315, 21, -47.25, 49.92, 0.10928, 22, -47.25, 16.94, 0.39526, 23, -47.25, -15.83, 0.49231, 4, 20, -47.25, 100.66, 6.0E-5, 21, -47.25, 66.09, 0.03441, 22, -47.25, 33.11, 0.23442, 23, -47.25, 0.34, 0.73112, 3, 21, -47.25, 92.58, 0.00962, 22, -47.25, 59.59, 0.12117, 23, -47.25, 26.83, 0.86921, 3, 21, 160.75, 92.58, 0.00267, 22, 160.75, 59.59, 0.10699, 23, 160.75, 26.83, 0.89034, 3, 21, 160.75, 67.3, 0.02325, 22, 160.75, 34.31, 0.22392, 23, 160.75, 1.55, 0.75283, 4, 20, 160.75, 85.53, 0.00204, 21, 160.75, 50.96, 0.09228, 22, 160.75, 17.97, 0.40035, 23, 160.75, -14.79, 0.50532, 4, 20, 160.75, 67.3, 0.02085, 21, 160.75, 32.72, 0.23119, 22, 160.75, -0.26, 0.48942, 23, 160.75, -33.03, 0.25854, 4, 20, 160.75, 50.78, 0.08923, 21, 160.75, 16.21, 0.3956, 22, 160.75, -16.77, 0.42397, 23, 160.75, -49.54, 0.0912, 4, 20, 160.75, 34.62, 0.25529, 21, 160.75, 0.04, 0.46908, 22, 160.75, -32.94, 0.25418, 23, 160.75, -65.71, 0.02145, 4, 20, 160.75, 15.87, 0.50874, 21, 160.75, -18.7, 0.38582, 22, 160.75, -51.69, 0.10325, 23, 160.75, -84.45, 0.00218, 3, 20, 160.75, -0.99, 0.76168, 21, 160.75, -35.56, 0.21221, 22, 160.75, -68.54, 0.0261, 3, 20, 160.75, -24.85, 0.89486, 21, 160.75, -59.42, 0.10068, 22, 160.75, -92.41, 0.00446, 3, 20, -47.25, -24.85, 0.88059, 21, -47.25, -59.42, 0.11315, 22, -47.25, -92.41, 0.00626 ],
				"hull": 18
			}
		},
		"ball_light": {
			"ball_light": { "x": 0.06, "y": -0.03, "width": 152, "height": 150 }
		},
		"ball_red": {
			"ball_red": { "y": 36.73, "width": 52, "height": 79 }
		},
		"ball_red10": {
			"ball_red": { "y": 36.73, "width": 52, "height": 79 }
		},
		"ball_red2": {
			"ball_red": { "y": 36.73, "width": 52, "height": 79 }
		},
		"ball_red3": {
			"ball_red": { "y": 36.73, "width": 52, "height": 79 }
		},
		"ball_red4": {
			"ball_red": { "y": 36.73, "width": 52, "height": 79 }
		},
		"ball_red5": {
			"ball_red": { "y": 36.73, "width": 52, "height": 79 }
		},
		"ball_red6": {
			"ball_red": { "y": 36.73, "width": 52, "height": 79 }
		},
		"ball_red7": {
			"ball_red": { "y": 36.73, "width": 52, "height": 79 }
		},
		"ball_red8": {
			"ball_red": { "y": 36.73, "width": 52, "height": 79 }
		},
		"ball_red9": {
			"ball_red": { "y": 36.73, "width": 52, "height": 79 }
		},
		"ball_whiteline": {
			"ball_whiteline": { "x": 0.31, "scaleX": 0.99, "width": 152, "height": 150 }
		},
		"big_ball_movement": {
			"big_ball_movement": {
				"type": "path",
				"lengths": [ 87.16, 451.77, 588.96, 719.7, 775.92, 831.15, 1352.05, 2674.01 ],
				"vertexCount": 24,
				"vertices": [ -173.84, 210.31, -72.31, 211.3, -71.88, 211.31, -0.44, 259.98, -0.01, 259.98, 232.21, 259.19, 313.43, 102.41, 312.29, 102.4, 311.55, 102.4, 338.52, 170.61, 423.74, 168.89, 503.76, 167.28, 526.31, 101.61, 527.98, 101.21, 528.65, 101.05, 541.29, 126.57, 575.71, 126.63, 613.51, 126.7, 621.84, 102.85, 622.73, 102.85, 706.59, 102.44, 1128.69, 101.9, 1143.64, 101.89, 1213.79, 101.85 ]
			}
		}
	}
},
"animations": {
	"ball_drop": {
		"bones": {
			"ball": {
				"rotate": [
					{ "time": 0, "angle": 0 },
					{ "time": 0.1, "angle": 90 },
					{ "time": 0.2, "angle": 180 },
					{ "time": 0.3, "angle": -90 },
					{ "time": 0.4, "angle": 0 },
					{ "time": 0.5, "angle": 90 },
					{ "time": 0.6, "angle": 180 },
					{ "time": 0.7, "angle": -90 },
					{ "time": 0.8, "angle": 0 }
				]
			},
			"airflow2": {
				"translate": [
					{
						"time": 0,
						"x": 0,
						"y": 1.63,
						"curve": [ 0.375, 0.5, 0.75, 1 ]
					},
					{
						"time": 0.1,
						"x": 0,
						"y": 5.69,
						"curve": [ 0.25, 0, 0.75, 1 ]
					},
					{
						"time": 0.3,
						"x": 0,
						"y": -2.44,
						"curve": [ 0.25, 0, 0.625, 0.5 ]
					},
					{ "time": 0.4, "x": 0, "y": 1.63 }
				]
			},
			"airflow3": {
				"translate": [
					{
						"time": 0,
						"x": 0,
						"y": -15.61,
						"curve": [ 0.371, 0.62, 0.71, 1 ]
					},
					{
						"time": 0.0333,
						"x": 0,
						"y": -18.7,
						"curve": [ 0.25, 0, 0.75, 1 ]
					},
					{
						"time": 0.2333,
						"x": 0,
						"y": 13.28,
						"curve": [ 0.25, 0, 0.75, 1 ]
					},
					{ "time": 0.4, "x": 0, "y": -15.61 }
				]
			},
			"airflow4": {
				"translate": [
					{
						"time": 0,
						"x": 0,
						"y": 11.86,
						"curve": [ 0.311, 0.25, 0.757, 1 ]
					},
					{
						"time": 0.1667,
						"x": 0,
						"y": -14.09,
						"curve": [ 0.25, 0, 0.75, 1 ]
					},
					{
						"time": 0.3667,
						"x": 0,
						"y": 14.63,
						"curve": [ 0.25, 0, 0.75, 1 ]
					},
					{ "time": 0.4, "x": 0, "y": 11.86 }
				]
			},
			"airflow5": {
				"translate": [
					{
						"time": 0,
						"x": 0,
						"y": 0.81,
						"curve": [ 0.25, 0, 0.75, 1 ]
					},
					{
						"time": 0.2,
						"x": 0,
						"y": 4.06,
						"curve": [ 0.25, 0, 0.75, 1 ]
					},
					{ "time": 0.4, "x": 0, "y": 0.81 }
				]
			},
			"airflow10": {
				"translate": [
					{
						"time": 0,
						"x": 0,
						"y": 8.15,
						"curve": [ 0.382, 0.57, 0.735, 1 ]
					},
					{
						"time": 0.0667,
						"x": 0,
						"y": 0,
						"curve": [ 0.25, 0, 0.75, 1 ]
					},
					{
						"time": 0.2667,
						"x": 0,
						"y": 28.73,
						"curve": [ 0.243, 0, 0.649, 0.6 ]
					},
					{ "time": 0.4, "x": 0, "y": 8.15 }
				]
			},
			"airflow9": {
				"translate": [
					{
						"time": 0,
						"x": 0,
						"y": 16.23,
						"curve": [ 0.375, 0.5, 0.75, 1 ]
					},
					{
						"time": 0.1,
						"x": 0,
						"y": 32.45,
						"curve": [ 0.25, 0, 0.75, 1 ]
					},
					{
						"time": 0.3,
						"x": 0,
						"y": 0,
						"curve": [ 0.25, 0, 0.75, 1 ]
					},
					{ "time": 0.4, "x": 0, "y": 16.23 }
				]
			},
			"airflow8": {
				"translate": [
					{
						"time": 0,
						"x": 0,
						"y": -32.69,
						"curve": [ 0.311, 0.25, 0.757, 1 ]
					},
					{
						"time": 0.1667,
						"x": 0,
						"y": 0,
						"curve": [ 0.25, 0, 0.75, 1 ]
					},
					{
						"time": 0.3667,
						"x": 0,
						"y": -36.18,
						"curve": [ 0.29, 0, 0.629, 0.38 ]
					},
					{ "time": 0.4, "x": 0, "y": -32.69 }
				]
			},
			"airflow7": {
				"translate": [
					{
						"time": 0,
						"x": 0,
						"y": -10.09,
						"curve": [ 0.371, 0.62, 0.71, 1 ]
					},
					{
						"time": 0.0333,
						"x": 0,
						"y": -11.17,
						"curve": [ 0.25, 0, 0.75, 1 ]
					},
					{
						"time": 0.2333,
						"x": 0,
						"y": 0,
						"curve": [ 0.25, 0, 0.75, 1 ]
					},
					{ "time": 0.4, "x": 0, "y": -10.09 }
				]
			},
			"ball_light": {
				"rotate": [
					{
						"time": 0,
						"angle": 0,
						"curve": [ 0.25, 0, 0.75, 1 ]
					},
					{
						"time": 0.4667,
						"angle": 49.18,
						"curve": [ 0.25, 0, 0.75, 1 ]
					},
					{
						"time": 0.5,
						"angle": -51.68,
						"curve": [ 0.25, 0, 0.75, 1 ]
					},
					{ "time": 0.8, "angle": -30.66 }
				]
			},
			"ball_big": {
				"scale": [
					{
						"time": 0.2,
						"x": 1,
						"y": 1,
						"curve": [ 0.25, 0, 0.75, 1 ]
					},
					{
						"time": 0.6333,
						"x": 0.16,
						"y": 0.1,
						"curve": [ 0.305, 0, 0.64, 0.36 ]
					},
					{
						"time": 0.6667,
						"x": 0.1,
						"y": 0.16,
						"curve": [ 0.299, 0.19, 0.64, 0.55 ]
					},
					{
						"time": 0.7,
						"x": 0.16,
						"y": 0.1,
						"curve": [ 0.345, 0.38, 0.757, 1 ]
					},
					{
						"time": 0.8667,
						"x": 0.1,
						"y": 0.1,
						"curve": [ 0.25, 0, 0.75, 1 ]
					},
					{
						"time": 1.1667,
						"x": 0.13,
						"y": 0.1,
						"curve": [ 0.305, 0, 0.64, 0.36 ]
					},
					{
						"time": 1.2,
						"x": 0.1,
						"y": 0.13,
						"curve": [ 0.299, 0.19, 0.64, 0.55 ]
					},
					{
						"time": 1.2333,
						"x": 0.12,
						"y": 0.1,
						"curve": [ 0.345, 0.38, 0.757, 1 ]
					},
					{ "time": 1.3333, "x": 0.1, "y": 0.1 }
				]
			}
		},
		"paths": {
			"big_ball_drop_movement": {
				"position": [
					{ "time": 0, "position": 0.086 },
					{ "time": 2.4667, "position": 1 }
				]
			}
		}
	},
	"ball_fly": {
		"bones": {
			"ball": {
				"rotate": [
					{ "time": 0, "angle": 0 },
					{ "time": 0.1, "angle": 90 },
					{ "time": 0.2, "angle": 180 },
					{ "time": 0.3, "angle": -90 },
					{ "time": 0.4, "angle": 0 }
				]
			},
			"airflow2": {
				"translate": [
					{
						"time": 0,
						"x": 0,
						"y": 1.63,
						"curve": [ 0.375, 0.5, 0.75, 1 ]
					},
					{
						"time": 0.1,
						"x": 0,
						"y": 5.69,
						"curve": [ 0.25, 0, 0.75, 1 ]
					},
					{
						"time": 0.3,
						"x": 0,
						"y": -2.44,
						"curve": [ 0.25, 0, 0.625, 0.5 ]
					},
					{ "time": 0.4, "x": 0, "y": 1.63 }
				]
			},
			"airflow3": {
				"translate": [
					{
						"time": 0,
						"x": 0,
						"y": -15.61,
						"curve": [ 0.371, 0.62, 0.71, 1 ]
					},
					{
						"time": 0.0333,
						"x": 0,
						"y": -18.7,
						"curve": [ 0.25, 0, 0.75, 1 ]
					},
					{
						"time": 0.2333,
						"x": 0,
						"y": 13.28,
						"curve": [ 0.25, 0, 0.75, 1 ]
					},
					{ "time": 0.4, "x": 0, "y": -15.61 }
				]
			},
			"airflow4": {
				"translate": [
					{
						"time": 0,
						"x": 0,
						"y": 11.86,
						"curve": [ 0.311, 0.25, 0.757, 1 ]
					},
					{
						"time": 0.1667,
						"x": 0,
						"y": -14.09,
						"curve": [ 0.25, 0, 0.75, 1 ]
					},
					{
						"time": 0.3667,
						"x": 0,
						"y": 14.63,
						"curve": [ 0.25, 0, 0.75, 1 ]
					},
					{ "time": 0.4, "x": 0, "y": 11.86 }
				]
			},
			"airflow5": {
				"translate": [
					{
						"time": 0,
						"x": 0,
						"y": 0.81,
						"curve": [ 0.25, 0, 0.75, 1 ]
					},
					{
						"time": 0.2,
						"x": 0,
						"y": 4.06,
						"curve": [ 0.25, 0, 0.75, 1 ]
					},
					{ "time": 0.4, "x": 0, "y": 0.81 }
				]
			},
			"airflow10": {
				"translate": [
					{
						"time": 0,
						"x": 0,
						"y": 8.15,
						"curve": [ 0.382, 0.57, 0.735, 1 ]
					},
					{
						"time": 0.0667,
						"x": 0,
						"y": 0,
						"curve": [ 0.25, 0, 0.75, 1 ]
					},
					{
						"time": 0.2667,
						"x": 0,
						"y": 28.73,
						"curve": [ 0.243, 0, 0.649, 0.6 ]
					},
					{ "time": 0.4, "x": 0, "y": 8.15 }
				]
			},
			"airflow9": {
				"translate": [
					{
						"time": 0,
						"x": 0,
						"y": 16.23,
						"curve": [ 0.375, 0.5, 0.75, 1 ]
					},
					{
						"time": 0.1,
						"x": 0,
						"y": 32.45,
						"curve": [ 0.25, 0, 0.75, 1 ]
					},
					{
						"time": 0.3,
						"x": 0,
						"y": 0,
						"curve": [ 0.25, 0, 0.75, 1 ]
					},
					{ "time": 0.4, "x": 0, "y": 16.23 }
				]
			},
			"airflow8": {
				"translate": [
					{
						"time": 0,
						"x": 0,
						"y": -32.69,
						"curve": [ 0.311, 0.25, 0.757, 1 ]
					},
					{
						"time": 0.1667,
						"x": 0,
						"y": 0,
						"curve": [ 0.25, 0, 0.75, 1 ]
					},
					{
						"time": 0.3667,
						"x": 0,
						"y": -36.18,
						"curve": [ 0.29, 0, 0.629, 0.38 ]
					},
					{ "time": 0.4, "x": 0, "y": -32.69 }
				]
			},
			"airflow7": {
				"translate": [
					{
						"time": 0,
						"x": 0,
						"y": -10.09,
						"curve": [ 0.371, 0.62, 0.71, 1 ]
					},
					{
						"time": 0.0333,
						"x": 0,
						"y": -11.17,
						"curve": [ 0.25, 0, 0.75, 1 ]
					},
					{
						"time": 0.2333,
						"x": 0,
						"y": 0,
						"curve": [ 0.25, 0, 0.75, 1 ]
					},
					{ "time": 0.4, "x": 0, "y": -10.09 }
				]
			}
		},
		"paths": {
			"big_ball_drop_movement": {
				"position": [
					{ "time": 0, "position": 0.086 }
				]
			}
		}
	},
	"ball_into": {
		"slots": {
			"airflow": {
				"color": [
					{
						"time": 0,
						"color": "ffffff00",
						"curve": [ 0.25, 0, 0.75, 1 ]
					},
					{ "time": 0.0667, "color": "ffffffff" }
				]
			},
			"airflow2": {
				"color": [
					{
						"time": 0,
						"color": "ffffff00",
						"curve": [ 0.25, 0, 0.75, 1 ]
					},
					{ "time": 0.0667, "color": "ffffffff" }
				]
			},
			"ball_light": {
				"color": [
					{
						"time": 0,
						"color": "ffffff00",
						"curve": [ 0.25, 0, 0.75, 1 ]
					},
					{ "time": 0.0667, "color": "ffffffff" }
				]
			},
			"ball_red": {
				"color": [
					{
						"time": 0,
						"color": "ffffff00",
						"curve": [ 0.25, 0, 0.75, 1 ]
					},
					{ "time": 0.0667, "color": "ffffffff" }
				]
			},
			"ball_red2": {
				"color": [
					{
						"time": 0,
						"color": "ffffff00",
						"curve": [ 0.25, 0, 0.75, 1 ]
					},
					{ "time": 0.0667, "color": "ffffffff" }
				]
			},
			"ball_red3": {
				"color": [
					{
						"time": 0,
						"color": "ffffff00",
						"curve": [ 0.25, 0, 0.75, 1 ]
					},
					{ "time": 0.0667, "color": "ffffffff" }
				]
			},
			"ball_red4": {
				"color": [
					{
						"time": 0,
						"color": "ffffff00",
						"curve": [ 0.25, 0, 0.75, 1 ]
					},
					{ "time": 0.0667, "color": "ffffffff" }
				]
			},
			"ball_red5": {
				"color": [
					{
						"time": 0,
						"color": "ffffff00",
						"curve": [ 0.25, 0, 0.75, 1 ]
					},
					{ "time": 0.0667, "color": "ffffffff" }
				]
			},
			"ball_red6": {
				"color": [
					{
						"time": 0,
						"color": "ffffff00",
						"curve": [ 0.25, 0, 0.75, 1 ]
					},
					{ "time": 0.0667, "color": "ffffffff" }
				]
			},
			"ball_red7": {
				"color": [
					{
						"time": 0,
						"color": "ffffff00",
						"curve": [ 0.25, 0, 0.75, 1 ]
					},
					{ "time": 0.0667, "color": "ffffffff" }
				]
			},
			"ball_red8": {
				"color": [
					{
						"time": 0,
						"color": "ffffff00",
						"curve": [ 0.25, 0, 0.75, 1 ]
					},
					{ "time": 0.0667, "color": "ffffffff" }
				]
			},
			"ball_red9": {
				"color": [
					{
						"time": 0,
						"color": "ffffff00",
						"curve": [ 0.25, 0, 0.75, 1 ]
					},
					{ "time": 0.0667, "color": "ffffffff" }
				]
			},
			"ball_red10": {
				"color": [
					{
						"time": 0,
						"color": "ffffff00",
						"curve": [ 0.25, 0, 0.75, 1 ]
					},
					{ "time": 0.0667, "color": "ffffffff" }
				]
			},
			"ball_whiteline": {
				"color": [
					{
						"time": 0,
						"color": "ffffff00",
						"curve": [ 0.25, 0, 0.75, 1 ]
					},
					{ "time": 0.0667, "color": "ffffffff" }
				]
			}
		},
		"bones": {
			"airflow2": {
				"translate": [
					{
						"time": 0,
						"x": 0,
						"y": 1.63,
						"curve": [ 0.375, 0.5, 0.75, 1 ]
					},
					{
						"time": 0.1,
						"x": 0,
						"y": 5.69,
						"curve": [ 0.25, 0, 0.75, 1 ]
					},
					{
						"time": 0.3,
						"x": 0,
						"y": -2.44,
						"curve": [ 0.25, 0, 0.625, 0.5 ]
					},
					{ "time": 0.4, "x": 0, "y": 1.63 }
				]
			},
			"airflow3": {
				"translate": [
					{
						"time": 0,
						"x": 0,
						"y": -15.61,
						"curve": [ 0.371, 0.62, 0.71, 1 ]
					},
					{
						"time": 0.0333,
						"x": 0,
						"y": -18.7,
						"curve": [ 0.25, 0, 0.75, 1 ]
					},
					{
						"time": 0.2333,
						"x": 0,
						"y": 13.28,
						"curve": [ 0.25, 0, 0.75, 1 ]
					},
					{ "time": 0.4, "x": 0, "y": -15.61 }
				]
			},
			"airflow4": {
				"translate": [
					{
						"time": 0,
						"x": 0,
						"y": 11.86,
						"curve": [ 0.311, 0.25, 0.757, 1 ]
					},
					{
						"time": 0.1667,
						"x": 0,
						"y": -14.09,
						"curve": [ 0.25, 0, 0.75, 1 ]
					},
					{
						"time": 0.3667,
						"x": 0,
						"y": 14.63,
						"curve": [ 0.25, 0, 0.75, 1 ]
					},
					{ "time": 0.4, "x": 0, "y": 11.86 }
				]
			},
			"airflow5": {
				"translate": [
					{
						"time": 0,
						"x": 0,
						"y": 0.81,
						"curve": [ 0.25, 0, 0.75, 1 ]
					},
					{
						"time": 0.2,
						"x": 0,
						"y": 4.06,
						"curve": [ 0.25, 0, 0.75, 1 ]
					},
					{ "time": 0.4, "x": 0, "y": 0.81 }
				]
			},
			"airflow10": {
				"translate": [
					{
						"time": 0,
						"x": 0,
						"y": 8.15,
						"curve": [ 0.382, 0.57, 0.735, 1 ]
					},
					{
						"time": 0.0667,
						"x": 0,
						"y": 0,
						"curve": [ 0.25, 0, 0.75, 1 ]
					},
					{
						"time": 0.2667,
						"x": 0,
						"y": 28.73,
						"curve": [ 0.243, 0, 0.649, 0.6 ]
					},
					{ "time": 0.4, "x": 0, "y": 8.15 }
				]
			},
			"airflow9": {
				"translate": [
					{
						"time": 0,
						"x": 0,
						"y": 16.23,
						"curve": [ 0.375, 0.5, 0.75, 1 ]
					},
					{
						"time": 0.1,
						"x": 0,
						"y": 32.45,
						"curve": [ 0.25, 0, 0.75, 1 ]
					},
					{
						"time": 0.3,
						"x": 0,
						"y": 0,
						"curve": [ 0.25, 0, 0.75, 1 ]
					},
					{ "time": 0.4, "x": 0, "y": 16.23 }
				]
			},
			"airflow8": {
				"translate": [
					{
						"time": 0,
						"x": 0,
						"y": -32.69,
						"curve": [ 0.311, 0.25, 0.757, 1 ]
					},
					{
						"time": 0.1667,
						"x": 0,
						"y": 0,
						"curve": [ 0.25, 0, 0.75, 1 ]
					},
					{
						"time": 0.3667,
						"x": 0,
						"y": -36.18,
						"curve": [ 0.29, 0, 0.629, 0.38 ]
					},
					{ "time": 0.4, "x": 0, "y": -32.69 }
				]
			},
			"airflow7": {
				"translate": [
					{
						"time": 0,
						"x": 0,
						"y": -10.09,
						"curve": [ 0.371, 0.62, 0.71, 1 ]
					},
					{
						"time": 0.0333,
						"x": 0,
						"y": -11.17,
						"curve": [ 0.25, 0, 0.75, 1 ]
					},
					{
						"time": 0.2333,
						"x": 0,
						"y": 0,
						"curve": [ 0.25, 0, 0.75, 1 ]
					},
					{ "time": 0.4, "x": 0, "y": -10.09 }
				]
			},
			"ball_big": {
				"scale": [
					{
						"time": 0,
						"x": 0.1,
						"y": 0.1,
						"curve": [ 0.25, 0, 0.75, 1 ]
					},
					{ "time": 0.4, "x": 1, "y": 1 }
				]
			},
			"ball": {
				"rotate": [
					{ "time": 0, "angle": 0 },
					{ "time": 0.1, "angle": 90 },
					{ "time": 0.2, "angle": 180 },
					{ "time": 0.3, "angle": -90 },
					{ "time": 0.4, "angle": 0 }
				]
			}
		},
		"paths": {
			"big_ball_drop_movement": {
				"position": [
					{
						"time": 0,
						"curve": [ 0.25, 0, 0.75, 1 ]
					},
					{ "time": 0.4, "position": 0.086 }
				],
				"mix": [
					{ "time": 0, "rotateMix": 0 }
				]
			}
		}
	}
}
}