{
"skeleton": { "hash": "x4dXRiDmWMhYj389VvFhHGM5r5U", "spine": "3.7.89", "width": 938.39, "height": 523.37 },
"bones": [
	{ "name": "root" },
	{ "name": "bg", "parent": "root", "y": -90 },
	{ "name": "bg2", "parent": "bg", "y": 380, "scaleX": 1.02, "scaleY": 0.999 },
	{ "name": "bg1", "parent": "bg", "y": 520, "scaleY": 1.01 },
	{ "name": "bg3", "parent": "bg", "y": 242, "scaleX": 1.165 },
	{ "name": "bg4", "parent": "bg", "y": 177, "scaleX": 1.05, "scaleY": 1.02 }
],
"slots": [
	{ "name": "bg_1", "bone": "bg1", "attachment": "bg_1" },
	{ "name": "bg1", "bone": "bg1", "attachment": "bg_1" },
	{ "name": "bg_2", "bone": "bg1", "attachment": "bg_1" },
	{ "name": "bg2_back", "bone": "bg2", "attachment": "bg_2" },
	{ "name": "bg2", "bone": "bg2", "attachment": "bg_2" },
	{ "name": "bg_5", "bone": "bg2", "attachment": "bg_2" },
	{ "name": "bg_6", "bone": "bg2", "attachment": "bg_2" },
	{ "name": "bg_7", "bone": "bg2", "attachment": "bg_2" },
	{ "name": "bg_8", "bone": "bg2", "attachment": "bg_2" },
	{ "name": "bg_9", "bone": "bg2", "attachment": "bg_2" },
	{ "name": "bg_10", "bone": "bg2", "attachment": "bg_2" },
	{ "name": "bg_11", "bone": "bg2", "attachment": "bg_2" },
	{ "name": "bg_12", "bone": "bg2", "attachment": "bg_2" },
	{ "name": "bg_13", "bone": "bg2", "attachment": "bg_2" },
	{ "name": "bg_14", "bone": "bg2", "attachment": "bg_2" },
	{ "name": "bg_15", "bone": "bg2", "attachment": "bg_2" },
	{ "name": "bg_16", "bone": "bg2", "attachment": "bg_2" },
	{ "name": "bg_17", "bone": "bg2", "attachment": "bg_2" },
	{ "name": "bg_18", "bone": "bg2", "attachment": "bg_2" },
	{ "name": "bg_19", "bone": "bg2", "attachment": "bg_2" },
	{ "name": "bg_20", "bone": "bg2", "attachment": "bg_2" },
	{ "name": "bg_28", "bone": "bg2", "attachment": "bg_2" },
	{ "name": "bg3_back", "bone": "bg3", "attachment": "bg_3" },
	{ "name": "bg3", "bone": "bg3", "attachment": "bg_3" },
	{ "name": "bg_21", "bone": "bg3", "attachment": "bg_3" },
	{ "name": "bg_22", "bone": "bg3", "attachment": "bg_3" },
	{ "name": "bg_23", "bone": "bg3", "attachment": "bg_3" },
	{ "name": "bg_24", "bone": "bg3", "attachment": "bg_3" },
	{ "name": "bg_25", "bone": "bg3", "attachment": "bg_3" },
	{ "name": "bg_26", "bone": "bg3", "attachment": "bg_3" },
	{ "name": "bg_27", "bone": "bg3", "attachment": "bg_3" },
	{ "name": "bg_29", "bone": "bg3", "attachment": "bg_3" },
	{ "name": "bg4_back", "bone": "bg4", "attachment": "bg_4" },
	{ "name": "bg4", "bone": "bg4", "attachment": "bg_4" },
	{ "name": "bg5", "bone": "bg4", "attachment": "bg_4" },
	{ "name": "bg6", "bone": "bg4", "attachment": "bg_4" },
	{ "name": "bg7", "bone": "bg4", "attachment": "bg_4" },
	{ "name": "bg8", "bone": "bg4", "attachment": "bg_4" },
	{ "name": "bg9", "bone": "bg4", "attachment": "bg_4" },
	{ "name": "bg10", "bone": "bg4", "attachment": "bg_4" },
	{ "name": "bg11", "bone": "bg4", "attachment": "bg_4" },
	{ "name": "bg12", "bone": "bg4", "attachment": "bg_4" },
	{ "name": "bg13", "bone": "bg4", "attachment": "bg_4" },
	{ "name": "bg14", "bone": "bg4", "attachment": "bg_4" },
	{ "name": "bg15", "bone": "bg4", "attachment": "bg_4" },
	{ "name": "bg16", "bone": "bg4", "attachment": "bg_4" },
	{ "name": "bg17", "bone": "bg4", "attachment": "bg_4" },
	{ "name": "bg18", "bone": "bg4", "attachment": "bg_4" },
	{ "name": "bg19", "bone": "bg4", "attachment": "bg_4" },
	{ "name": "bg20", "bone": "bg4", "attachment": "bg_4" },
	{ "name": "bg21", "bone": "bg4", "attachment": "bg_4" },
	{ "name": "bg22", "bone": "bg4", "attachment": "bg_4" },
	{ "name": "bg23", "bone": "bg4", "attachment": "bg_4" },
	{ "name": "bg24", "bone": "bg4", "attachment": "bg_4" },
	{ "name": "bg25", "bone": "bg4", "attachment": "bg_4" }
],
"skins": {
	"default": {
		"bg1": {
			"bg_1": { "x": 449.93, "y": -48, "scaleX": 130, "width": 7, "height": 96 }
		},
		"bg10": {
			"bg_4": { "x": 253, "y": -88.33, "width": 39, "height": 177 }
		},
		"bg11": {
			"bg_4": { "x": 292, "y": -88.33, "width": 39, "height": 177 }
		},
		"bg12": {
			"bg_4": { "x": 331.05, "y": -88.33, "width": 39, "height": 177 }
		},
		"bg13": {
			"bg_4": { "x": 370, "y": -88.33, "width": 39, "height": 177 }
		},
		"bg14": {
			"bg_4": { "x": 409, "y": -88.33, "width": 39, "height": 177 }
		},
		"bg15": {
			"bg_4": { "x": 448, "y": -88.33, "width": 39, "height": 177 }
		},
		"bg16": {
			"bg_4": { "x": 487, "y": -88.33, "width": 39, "height": 177 }
		},
		"bg17": {
			"bg_4": { "x": 526, "y": -88.33, "width": 39, "height": 177 }
		},
		"bg18": {
			"bg_4": { "x": 565, "y": -88.33, "width": 39, "height": 177 }
		},
		"bg19": {
			"bg_4": { "x": 604, "y": -88.33, "width": 39, "height": 177 }
		},
		"bg2": {
			"bg_2": { "x": 24, "y": -8, "scaleX": 1.02, "width": 49, "height": 104 }
		},
		"bg20": {
			"bg_4": { "x": 643, "y": -88.33, "width": 39, "height": 177 }
		},
		"bg21": {
			"bg_4": { "x": 682, "y": -88.33, "width": 39, "height": 177 }
		},
		"bg22": {
			"bg_4": { "x": 721, "y": -88.33, "width": 39, "height": 177 }
		},
		"bg23": {
			"bg_4": { "x": 760, "y": -88.33, "width": 39, "height": 177 }
		},
		"bg24": {
			"bg_4": { "x": 799, "y": -88.33, "width": 39, "height": 177 }
		},
		"bg25": {
			"bg_4": { "x": 838, "y": -88.33, "width": 39, "height": 177 }
		},
		"bg2_back": {
			"bg_2": { "x": 440.14, "y": -8, "scaleX": 18, "width": 49, "height": 104 }
		},
		"bg3": {
			"bg_3": { "x": 43, "y": 6.58, "scaleX": 1.02, "width": 86, "height": 143 }
		},
		"bg3_back": {
			"bg_3": { "x": 386.01, "y": 6.58, "scaleX": 8.9, "width": 86, "height": 143 }
		},
		"bg4": {
			"bg_4": { "x": 19.47, "y": -88.33, "width": 39, "height": 177 }
		},
		"bg4_back": {
			"bg_4": { "x": 430.55, "y": -88.33, "scaleX": 21.9, "width": 39, "height": 177 }
		},
		"bg5": {
			"bg_4": { "x": 58, "y": -88.33, "width": 39, "height": 177 }
		},
		"bg6": {
			"bg_4": { "x": 97, "y": -88.33, "width": 39, "height": 177 }
		},
		"bg7": {
			"bg_4": { "x": 136, "y": -88.33, "width": 39, "height": 177 }
		},
		"bg8": {
			"bg_4": { "x": 175, "y": -88.33, "width": 39, "height": 177 }
		},
		"bg9": {
			"bg_4": { "x": 214, "y": -88.33, "width": 39, "height": 177 }
		},
		"bg_1": {
			"bg_1": { "x": 43.9, "y": -48, "scaleX": 18, "width": 7, "height": 96 }
		},
		"bg_10": {
			"bg_2": { "x": 318, "y": -8, "scaleX": 1.02, "width": 49, "height": 104 }
		},
		"bg_11": {
			"bg_2": { "x": 367, "y": -8, "scaleX": 1.02, "width": 49, "height": 104 }
		},
		"bg_12": {
			"bg_2": { "x": 416, "y": -8, "scaleX": 1.02, "width": 49, "height": 104 }
		},
		"bg_13": {
			"bg_2": { "x": 465, "y": -8, "scaleX": 1.02, "width": 49, "height": 104 }
		},
		"bg_14": {
			"bg_2": { "x": 514, "y": -8, "scaleX": 1.02, "width": 49, "height": 104 }
		},
		"bg_15": {
			"bg_2": { "x": 563, "y": -8, "scaleX": 1.02, "width": 49, "height": 104 }
		},
		"bg_16": {
			"bg_2": { "x": 612, "y": -8, "scaleX": 1.02, "width": 49, "height": 104 }
		},
		"bg_17": {
			"bg_2": { "x": 661, "y": -8, "scaleX": 1.02, "width": 49, "height": 104 }
		},
		"bg_18": {
			"bg_2": { "x": 710, "y": -8, "scaleX": 1.02, "width": 49, "height": 104 }
		},
		"bg_19": {
			"bg_2": { "x": 759.4, "y": -8, "scaleX": 1.02, "width": 49, "height": 104 }
		},
		"bg_2": {
			"bg_1": { "x": 856.3, "y": -48, "scaleX": 18, "width": 7, "height": 96 }
		},
		"bg_20": {
			"bg_2": { "x": 808.8, "y": -8, "scaleX": 1.02, "width": 49, "height": 104 }
		},
		"bg_21": {
			"bg_3": { "x": 129, "y": 6.58, "scaleX": 1.02, "width": 86, "height": 143 }
		},
		"bg_22": {
			"bg_3": { "x": 215, "y": 6.58, "scaleX": 1.02, "width": 86, "height": 143 }
		},
		"bg_23": {
			"bg_3": { "x": 301, "y": 6.58, "scaleX": 1.02, "width": 86, "height": 143 }
		},
		"bg_24": {
			"bg_3": { "x": 387, "y": 6.58, "scaleX": 1.02, "width": 86, "height": 143 }
		},
		"bg_25": {
			"bg_3": { "x": 473, "y": 6.58, "scaleX": 1.02, "width": 86, "height": 143 }
		},
		"bg_26": {
			"bg_3": { "x": 559, "y": 6.58, "scaleX": 1.02, "width": 86, "height": 143 }
		},
		"bg_27": {
			"bg_3": { "x": 645, "y": 6.58, "scaleX": 1.02, "width": 86, "height": 143 }
		},
		"bg_28": {
			"bg_2": { "x": 858, "y": -8, "scaleX": 1.02, "width": 49, "height": 104 }
		},
		"bg_29": {
			"bg_3": { "x": 730.5, "y": 6.58, "scaleX": 1.02, "width": 86, "height": 143 }
		},
		"bg_5": {
			"bg_2": { "x": 73, "y": -8, "scaleX": 1.02, "width": 49, "height": 104 }
		},
		"bg_6": {
			"bg_2": { "x": 122, "y": -8, "scaleX": 1.02, "width": 49, "height": 104 }
		},
		"bg_7": {
			"bg_2": { "x": 171, "y": -8, "scaleX": 1.02, "width": 49, "height": 104 }
		},
		"bg_8": {
			"bg_2": { "x": 220, "y": -8, "scaleX": 1.02, "width": 49, "height": 104 }
		},
		"bg_9": {
			"bg_2": { "x": 269, "y": -8, "scaleX": 1.02, "width": 49, "height": 104 }
		}
	}
},
"animations": {
	"scroll": {
		"bones": {
			"bg": {
				"translate": [
					{ "time": 0, "x": 0, "y": 0 },
					{ "time": 0.1333, "x": -100, "y": 0 }
				]
			}
		}
	}
}
}