{
"skeleton": { "hash": "Qj32Ra0Ou5PmE/9adpUn02W99H4", "spine": "3.7.89", "width": 171.57, "height": 234.76 },
"bones": [
	{ "name": "root" },
	{ "name": "you_won", "parent": "root", "y": -114.7 },
	{ "name": "light", "parent": "root", "x": -0.03, "y": 113.48 },
	{ "name": "light2", "parent": "light", "length": 79.55, "rotation": -179.84, "x": -4.4, "y": 0.07 },
	{ "name": "light3", "parent": "light", "length": 89.67, "rotation": -146.41, "x": -2.37, "y": -2.87 },
	{ "name": "light4", "parent": "light", "length": 78.24, "rotation": -118.93, "x": -0.67, "y": -1.29 },
	{ "name": "light5", "parent": "light", "length": 75.17, "rotation": -96.47, "x": -0.22, "y": -0.27 },
	{ "name": "light6", "parent": "light", "length": 76.42, "rotation": -73.68, "x": 0.46, "y": 0.07 },
	{ "name": "light7", "parent": "light", "length": 83.1, "rotation": -55.36, "x": -0.34, "y": 0.07 },
	{ "name": "light8", "parent": "light", "length": 94.28, "rotation": -40.33, "x": 0.23, "y": 0.63 },
	{ "name": "light9", "parent": "light", "length": 80.91, "rotation": -0.08, "y": 0.97 },
	{ "name": "frame", "parent": "root" },
	{ "name": "left_bottom", "parent": "frame", "x": -82.89, "y": -114.71 },
	{ "name": "right_bottom", "parent": "frame", "x": 82.87, "y": -114.85 },
	{ "name": "left_center", "parent": "frame", "x": -76.26, "y": -49.45 },
	{ "name": "right_center", "parent": "frame", "x": 75.25, "y": -49.88 },
	{ "name": "left_top", "parent": "frame", "x": -82.47, "y": 113.48 },
	{ "name": "right_top", "parent": "frame", "x": 82.87, "y": 113.77 },
	{ "name": "flash", "parent": "root", "rotation": -35, "x": -166.96, "y": 112.56 },
	{ "name": "bg", "parent": "root" },
	{ "name": "person", "parent": "root", "x": -39.75, "y": -100.61 },
	{ "name": "balllight", "parent": "person", "x": 53, "y": 31 }
],
"slots": [
	{ "name": "bg_cut", "bone": "bg", "attachment": "bg_cut" },
	{ "name": "bg1", "bone": "bg", "attachment": "bg1" },
	{ "name": "bg4", "bone": "bg", "attachment": "bg1" },
	{ "name": "bg5", "bone": "bg", "attachment": "bg1" },
	{ "name": "bg6", "bone": "bg", "attachment": "bg1" },
	{ "name": "bg7", "bone": "bg", "attachment": "bg1" },
	{ "name": "bg8", "bone": "bg", "attachment": "bg1" },
	{ "name": "bg2", "bone": "bg", "attachment": "bg2" },
	{ "name": "bg9", "bone": "bg", "attachment": "bg2" },
	{ "name": "bg10", "bone": "bg", "attachment": "bg2" },
	{ "name": "bg11", "bone": "bg", "attachment": "bg2" },
	{ "name": "bg3", "bone": "bg", "attachment": "bg3" },
	{ "name": "bg12", "bone": "bg", "attachment": "bg3" },
	{ "name": "bg13", "bone": "bg", "attachment": "bg3" },
	{ "name": "bg14", "bone": "bg", "attachment": "bg3" },
	{ "name": "bg15", "bone": "bg", "attachment": "bg3" },
	{ "name": "bg16", "bone": "bg", "attachment": "bg3" },
	{ "name": "bg17", "bone": "bg", "attachment": "bg3" },
	{ "name": "bg18", "bone": "bg", "attachment": "bg3" },
	{ "name": "person", "bone": "person", "attachment": "person3" },
	{ "name": "ballflash", "bone": "balllight", "attachment": "ballflash" },
	{ "name": "ballflash_ring", "bone": "balllight", "attachment": "ballflash_ring" },
	{ "name": "light", "bone": "light", "attachment": "light", "blend": "screen" },
	{ "name": "flash2_cut", "bone": "frame", "attachment": "flash2_cut" },
	{ "name": "flash2", "bone": "flash", "color": "ffffff48", "attachment": "flash" },
	{ "name": "frame", "bone": "frame", "attachment": "frame" },
	{ "name": "flash_cut", "bone": "frame", "attachment": "flash_cut" },
	{ "name": "flash", "bone": "flash", "color": "ffffffc4", "attachment": "flash" },
	{ "name": "you_won", "bone": "you_won", "attachment": "you_won" },
	{ "name": "you_won_light", "bone": "you_won", "attachment": "you_won_light" }
],
"skins": {
	"default": {
		"ballflash": {
			"ballflash": { "x": -11.99, "y": 16.27, "width": 41, "height": 46 }
		},
		"ballflash_ring": {
			"ballflash_ring": { "x": -1.02, "y": 0.34, "width": 31, "height": 32 }
		},
		"bg1": {
			"bg1": { "x": -68, "y": 86, "width": 28, "height": 53 }
		},
		"bg10": {
			"bg2": { "x": 38, "y": 19, "width": 49, "height": 82 }
		},
		"bg11": {
			"bg2": { "x": 86, "y": 19, "width": 49, "height": 82 }
		},
		"bg12": {
			"bg3": { "x": -50, "y": -67, "width": 22, "height": 92 }
		},
		"bg13": {
			"bg3": { "x": -29, "y": -67, "width": 22, "height": 92 }
		},
		"bg14": {
			"bg3": { "x": -8, "y": -67, "width": 22, "height": 92 }
		},
		"bg15": {
			"bg3": { "x": 13, "y": -67, "width": 22, "height": 92 }
		},
		"bg16": {
			"bg3": { "x": 34, "y": -67, "width": 22, "height": 92 }
		},
		"bg17": {
			"bg3": { "x": 55, "y": -67, "width": 22, "height": 92 }
		},
		"bg18": {
			"bg3": { "x": 76, "y": -67, "width": 22, "height": 92 }
		},
		"bg2": {
			"bg2": { "x": -58, "y": 19, "width": 49, "height": 82 }
		},
		"bg3": {
			"bg3": { "x": -71, "y": -67, "width": 22, "height": 92 }
		},
		"bg4": {
			"bg1": { "x": -41, "y": 86, "width": 28, "height": 53 }
		},
		"bg5": {
			"bg1": { "x": -14, "y": 86, "width": 28, "height": 53 }
		},
		"bg6": {
			"bg1": { "x": 13, "y": 86, "width": 28, "height": 53 }
		},
		"bg7": {
			"bg1": { "x": 40, "y": 86, "width": 28, "height": 53 }
		},
		"bg8": {
			"bg1": { "x": 67, "y": 86, "width": 28, "height": 53 }
		},
		"bg9": {
			"bg2": { "x": -10, "y": 19, "width": 49, "height": 82 }
		},
		"bg_cut": {
			"bg_cut": {
				"type": "clipping",
				"end": "light",
				"vertexCount": 4,
				"vertices": [ -79.73, 110.84, 80, 111.24, 82.51, -113.28, -82.41, -113.44 ]
			}
		},
		"flash": {
			"flash": { "scaleX": 4, "scaleY": 70, "width": 18, "height": 6 }
		},
		"flash2": {
			"flash": { "x": -3.08, "scaleX": 4, "scaleY": 70, "width": 18, "height": 6 }
		},
		"flash2_cut": {
			"flash2_cut": {
				"type": "clipping",
				"end": "flash2",
				"vertexCount": 4,
				"vertices": [ -82.62, 112.78, -82.44, -114.63, 82.74, -115.53, 82.23, 113.02 ]
			}
		},
		"flash_cut": {
			"flash_cut": {
				"type": "clipping",
				"end": "flash",
				"vertexCount": 69,
				"vertices": [ -82.67, 116.38, -84.03, 115.7, -85.09, 114.5, -85.13, -114.53, -84.03, -116.05, -82.37, -117.11, 82.97, -117.01, 84.39, -116.45, 85.21, -115.41, 85.25, -93.43, 79.53, -97.35, 77.57, -98.89, 71.73, -100.55, 66.54, -101.39, 57.04, -102.75, 50.34, -103.79, 45.38, -105.87, 41.72, -108.19, 38.5, -110.97, -38.38, -111.13, -40.59, -109.06, -44.45, -106.48, -50.49, -104.14, -62.52, -102.25, -71.4, -101.07, -74.7, -100.05, -77.54, -98.61, -78.96, -97.21, -79.28, -63.96, -74.52, -59.8, -72.16, -57.66, -70.76, -56.5, -70.5, -54.48, -71.26, -47.2, -73.24, -38.9, -76.73, -31.32, -76.65, 87.93, -73.62, 93.27, -69.4, 96.69, -64.91, 99.01, -61.79, 100.65, -59.99, 102.17, -58.91, 104.13, -58.67, 107.75, 59.13, 107.85, 59.25, 104.92, 59.61, 103.12, 60.63, 101.36, 63.89, 99.16, 68.27, 96.94, 71.53, 95.06, 73.76, 92.61, 75.44, 90.35, 77.06, 87.63, 77.14, -27.93, 74.74, -34.91, 72.76, -41.83, 71.29, -49.59, 70.93, -53.91, 70.93, -56.65, 72.87, -57.55, 74.83, -59.51, 77.21, -61.89, 79.85, -64.11, 79.79, -97.27, 85.31, -93.63, 85.27, 114.03, 84.83, 115.71, 83.93, 116.49 ]
			}
		},
		"frame": {
			"frame": {
				"type": "mesh",
				"uvs": [ 1, 0.26504, 1, 0.39202, 1, 0.72266, 1, 0.78146, 1, 1, 0.52882, 1, 0.46349, 1, 0, 1, 0, 0.77123, 0, 0.72862, 0, 0.38605, 0, 0.26163, 0, 0, 0.25513, 0, 0.75043, 0, 1, 0, 0.30979, 0.26233, 0.69136, 0.26652, 0.33584, 0.38735, 0.66415, 0.38933, 0.40606, 0.72437, 0.58979, 0.72486, 0.41603, 0.77221, 0.57879, 0.7745 ],
				"triangles": [ 5, 6, 23, 23, 21, 3, 5, 23, 4, 23, 3, 4, 8, 20, 22, 7, 22, 6, 7, 8, 22, 6, 22, 23, 19, 21, 18, 21, 2, 3, 23, 22, 21, 2, 21, 19, 19, 1, 2, 19, 17, 1, 22, 20, 21, 8, 9, 20, 9, 18, 20, 9, 10, 18, 21, 20, 18, 10, 16, 18, 19, 18, 17, 17, 14, 0, 14, 15, 0, 14, 17, 13, 17, 0, 1, 11, 13, 16, 17, 16, 13, 11, 12, 13, 18, 16, 17, 10, 11, 16 ],
				"vertices": [ 1, 17, 2.98, -27.21, 1, 1, 15, 10.6, 23.05, 1, 1, 15, 10.6, -14.97, 1, 1, 13, 2.98, 22.26, 1, 1, 13, 2.98, -2.87, 1, 1, 13, -49.32, -2.87, 1, 1, 12, 48.62, -3.02, 1, 1, 12, -2.83, -3.02, 1, 1, 12, -2.83, 23.29, 1, 1, 14, -9.46, -16.08, 1, 1, 14, -9.46, 23.31, 1, 1, 16, -3.25, -26.53, 1, 1, 16, -3.25, 3.56, 1, 1, 16, 25.07, 3.56, 1, 1, 17, -24.72, 3.27, 1, 1, 17, 2.98, 3.27, 1, 1, 16, 31.13, -26.61, 1, 1, 17, -31.28, -27.38, 1, 1, 14, 27.82, 23.17, 1, 1, 15, -26.68, 23.36, 1, 1, 14, 35.61, -15.59, 1, 1, 15, -34.94, -15.23, 1, 1, 12, 43.35, 23.18, 1, 1, 13, -43.77, 23.06, 1 ],
				"hull": 16
			}
		},
		"light": {
			"light": {
				"type": "mesh",
				"uvs": [ 1, 0.56409, 1, 1, 0.72188, 1, 0.40981, 1, 0.08058, 1, 0, 1, 0, 0.4616, 0, 0, 0.42791, 1.5E-4, 0.49749, 1.7E-4, 0.56113, 1.5E-4, 1, 0, 0.44437, 0.04944, 0.46453, 0.06642, 0.46832, 0.07014, 0.49105, 0.0737, 0.51366, 0.0722, 0.52971, 0.06427, 0.54324, 0.0515 ],
				"triangles": [ 16, 15, 9, 17, 16, 9, 14, 9, 15, 9, 14, 13, 18, 17, 9, 9, 13, 12, 18, 9, 10, 12, 8, 9, 18, 10, 11, 17, 18, 0, 0, 18, 11, 0, 1, 17, 1, 2, 17, 17, 2, 16, 16, 2, 3, 15, 3, 14, 16, 3, 15, 14, 3, 4, 4, 5, 13, 5, 6, 13, 13, 14, 4, 6, 12, 13, 12, 6, 7, 12, 7, 8 ],
				"vertices": [ 1, 9, 109.98, -0.05, 1, 1, 8, 152.35, -2.72, 1, 1, 7, 132.13, -0.29, 1, 1, 6, 127.42, -0.54, 1, 1, 5, 143.61, -0.32, 1, 1, 5, 150.16, -12.17, 1, 1, 4, 98.12, 0.25, 1, 1, 3, 79.56, -2.34, 1, 2, 3, 7.67, -2.12, 0.70042, 2, -12.08, 2.16, 0.29958, 1, 2, -0.39, 2.16, 1, 2, 10, 10.29, 1.2, 0.78939, 2, 10.3, 2.16, 0.21061, 1, 10, 84.02, 1.33, 1, 2, 4, 6.52, -2.74, 0.88022, 2, -9.32, -4.2, 0.11978, 3, 4, 4.91, 0.96, 0.00834, 5, 7, -2.13, 0.67308, 2, -5.93, -6.39, 0.31858, 2, 5, 7.12, -1.34, 0.77898, 2, -5.29, -6.87, 0.22102, 3, 5, 5.67, 2.22, 0.01935, 6, 7.15, -0.45, 0.66676, 2, -1.47, -7.33, 0.31389, 3, 7, 7.44, -0.23, 0.75048, 8, 7.44, -1.9, 0.02818, 2, 2.32, -7.13, 0.22133, 3, 7, 7.21, 2.65, 0.00627, 8, 8.13, 0.9, 0.71985, 2, 5.02, -6.11, 0.27388, 3, 8, 8.06, 3.7, 0.031, 9, 8.68, 0.69, 0.72861, 2, 7.29, -4.46, 0.24039 ],
				"hull": 12
			}
		},
		"person": {
			"person1": { "x": 34.65, "y": 94.35, "width": 129, "height": 207 },
			"person2": { "x": 50.99, "y": 63.76, "width": 127, "height": 143 },
			"person3": { "x": 41.28, "y": 57.62, "width": 168, "height": 96 }
		},
		"you_won": {
			"you_won": { "x": -0.5, "y": 11.2, "scaleX": 0.5, "scaleY": 0.5, "width": 162, "height": 31 }
		},
		"you_won_light": {
			"you_won_light": { "x": -0.5, "y": 11.2, "scaleX": 0.5, "scaleY": 0.5, "width": 162, "height": 31 }
		}
	}
},
"animations": {
	"copper": {
		"slots": {
			"ballflash": {
				"color": [
					{ "time": 0, "color": "ffffff00", "curve": "stepped" },
					{
						"time": 0.4667,
						"color": "ffffff00",
						"curve": [ 0.25, 0, 0.75, 1 ]
					},
					{ "time": 0.5, "color": "ffffffff" }
				]
			},
			"ballflash_ring": {
				"color": [
					{ "time": 0, "color": "ffffff00", "curve": "stepped" },
					{
						"time": 0.4,
						"color": "ffffff00",
						"curve": [ 0.25, 0, 0.75, 1 ]
					},
					{ "time": 0.4333, "color": "ffffffff" }
				]
			},
			"flash": {
				"color": [
					{ "time": 0, "color": "ffb892ff" }
				]
			},
			"flash2": {
				"color": [
					{ "time": 0, "color": "ffb89248" }
				]
			},
			"frame": {
				"color": [
					{ "time": 0, "color": "e28f62ff" }
				]
			},
			"light": {
				"color": [
					{ "time": 0, "color": "ffa00eff" }
				]
			},
			"person": {
				"attachment": [
					{ "time": 0, "name": "person1" }
				]
			},
			"you_won": {
				"color": [
					{ "time": 0, "color": "e28f62ff" }
				]
			},
			"you_won_light": {
				"color": [
					{ "time": 0, "color": "e28f6200", "curve": "stepped" },
					{
						"time": 0.8333,
						"color": "e28f6200",
						"curve": [ 0.25, 0, 0.75, 1 ]
					},
					{ "time": 1.0667, "color": "ffc2a2ff", "curve": "stepped" },
					{
						"time": 1.2333,
						"color": "ffc2a2ff",
						"curve": [ 0.243, 0, 0.649, 0.6 ]
					},
					{ "time": 1.4333, "color": "e28f6200" }
				]
			}
		},
		"bones": {
			"light8": {
				"rotate": [
					{
						"time": 0,
						"angle": -18.28,
						"curve": [ 0.25, 0, 0.75, 1 ]
					},
					{
						"time": 1,
						"angle": 15.81,
						"curve": [ 0.25, 0, 0.75, 1 ]
					},
					{ "time": 2, "angle": -18.28 }
				]
			},
			"light7": {
				"rotate": [
					{
						"time": 0,
						"angle": 0.27,
						"curve": [ 0.372, 0.48, 0.752, 1 ]
					},
					{
						"time": 0.5333,
						"angle": -18.28,
						"curve": [ 0.25, 0, 0.75, 1 ]
					},
					{
						"time": 1.5333,
						"angle": 15.81,
						"curve": [ 0.252, 0, 0.622, 0.48 ]
					},
					{ "time": 2, "angle": 0.27 }
				]
			},
			"light6": {
				"rotate": [
					{
						"time": 0,
						"angle": -7.19,
						"curve": [ 0.357, 0.42, 0.756, 1 ]
					},
					{
						"time": 0.6333,
						"angle": 15.81,
						"curve": [ 0.25, 0, 0.75, 1 ]
					},
					{
						"time": 1.6333,
						"angle": -18.28,
						"curve": [ 0.25, 0, 0.75, 1 ]
					},
					{ "time": 2, "angle": -7.19 }
				]
			},
			"light5": {
				"rotate": [
					{
						"time": 0,
						"angle": 12.52,
						"curve": [ 0.371, 0.62, 0.71, 1 ]
					},
					{
						"time": 0.1667,
						"angle": 15.81,
						"curve": [ 0.25, 0, 0.75, 1 ]
					},
					{
						"time": 1.1667,
						"angle": -18.28,
						"curve": [ 0.25, 0, 0.75, 1 ]
					},
					{ "time": 2, "angle": 12.52 }
				]
			},
			"light4": {
				"rotate": [
					{
						"time": 0,
						"angle": 7.55,
						"curve": [ 0.345, 0.37, 0.757, 1 ]
					},
					{
						"time": 0.7,
						"angle": -18.28,
						"curve": [ 0.25, 0, 0.75, 1 ]
					},
					{
						"time": 1.7,
						"angle": 15.81,
						"curve": [ 0.269, 0, 0.618, 0.42 ]
					},
					{ "time": 2, "angle": 7.55 }
				]
			},
			"light3": {
				"rotate": [
					{
						"time": 0,
						"angle": -7.19,
						"curve": [ 0.382, 0.56, 0.739, 1 ]
					},
					{
						"time": 0.3667,
						"angle": -18.28,
						"curve": [ 0.25, 0, 0.75, 1 ]
					},
					{
						"time": 1.3667,
						"angle": 15.81,
						"curve": [ 0.244, 0, 0.643, 0.58 ]
					},
					{ "time": 2, "angle": -7.19 }
				]
			},
			"root": {
				"scale": [
					{
						"time": 0,
						"x": 0,
						"y": 0,
						"curve": [ 0.25, 0, 0.627, 1.68 ]
					},
					{ "time": 0.3333, "x": 1, "y": 1, "curve": "stepped" },
					{
						"time": 1.6667,
						"x": 1,
						"y": 1,
						"curve": [ 0.25, 0, 0.75, 1 ]
					},
					{ "time": 2, "x": 0, "y": 0 }
				]
			},
			"flash": {
				"translate": [
					{
						"time": 0.5,
						"x": 0,
						"y": 0,
						"curve": [ 0.25, 0, 0.75, 1 ]
					},
					{ "time": 1.3333, "x": 312.8, "y": -219.02 }
				]
			},
			"you_won": {
				"scale": [
					{
						"time": 0.8333,
						"x": 1,
						"y": 1,
						"curve": [ 0.25, 0, 0.625, 0.5 ]
					},
					{
						"time": 1.2,
						"x": 1.3,
						"y": 1.3,
						"curve": [ 0.375, 0.5, 0.75, 1 ]
					},
					{ "time": 1.4333, "x": 1, "y": 1 }
				]
			},
			"balllight": {
				"translate": [
					{ "time": 0, "x": 28.56, "y": 158.07 }
				]
			}
		}
	},
	"gold": {
		"slots": {
			"ballflash": {
				"color": [
					{ "time": 0, "color": "ffffff00", "curve": "stepped" },
					{
						"time": 0.4667,
						"color": "ffffff00",
						"curve": [ 0.25, 0, 0.75, 1 ]
					},
					{ "time": 0.5, "color": "ffffffff" }
				]
			},
			"ballflash_ring": {
				"color": [
					{ "time": 0, "color": "ffffff00", "curve": "stepped" },
					{
						"time": 0.4,
						"color": "ffffff00",
						"curve": [ 0.25, 0, 0.75, 1 ]
					},
					{ "time": 0.4333, "color": "ffffffff" }
				]
			},
			"flash": {
				"color": [
					{ "time": 0, "color": "ffe297ff" }
				]
			},
			"flash2": {
				"color": [
					{ "time": 0, "color": "ffd05348" }
				]
			},
			"frame": {
				"color": [
					{ "time": 0, "color": "ffd054ff" }
				]
			},
			"light": {
				"color": [
					{ "time": 0, "color": "ffeb24ff" }
				]
			},
			"you_won": {
				"color": [
					{ "time": 0, "color": "ffd053ff" }
				]
			},
			"you_won_light": {
				"color": [
					{ "time": 0, "color": "ffd05300", "curve": "stepped" },
					{
						"time": 0.8333,
						"color": "ffd05300",
						"curve": [ 0.25, 0, 0.75, 1 ]
					},
					{ "time": 1.0667, "color": "ffe897ff", "curve": "stepped" },
					{
						"time": 1.2333,
						"color": "ffe897ff",
						"curve": [ 0.25, 0, 0.75, 1 ]
					},
					{ "time": 1.4333, "color": "ffde8b00" }
				]
			}
		},
		"bones": {
			"light8": {
				"rotate": [
					{
						"time": 0,
						"angle": -18.28,
						"curve": [ 0.25, 0, 0.75, 1 ]
					},
					{
						"time": 1,
						"angle": 15.81,
						"curve": [ 0.25, 0, 0.75, 1 ]
					},
					{ "time": 2, "angle": -18.28 }
				]
			},
			"light7": {
				"rotate": [
					{
						"time": 0,
						"angle": 0.27,
						"curve": [ 0.372, 0.48, 0.752, 1 ]
					},
					{
						"time": 0.5333,
						"angle": -18.28,
						"curve": [ 0.25, 0, 0.75, 1 ]
					},
					{
						"time": 1.5333,
						"angle": 15.81,
						"curve": [ 0.252, 0, 0.622, 0.48 ]
					},
					{ "time": 2, "angle": 0.27 }
				]
			},
			"light6": {
				"rotate": [
					{
						"time": 0,
						"angle": -7.19,
						"curve": [ 0.357, 0.42, 0.756, 1 ]
					},
					{
						"time": 0.6333,
						"angle": 15.81,
						"curve": [ 0.25, 0, 0.75, 1 ]
					},
					{
						"time": 1.6333,
						"angle": -18.28,
						"curve": [ 0.25, 0, 0.75, 1 ]
					},
					{ "time": 2, "angle": -7.19 }
				]
			},
			"light5": {
				"rotate": [
					{
						"time": 0,
						"angle": 12.52,
						"curve": [ 0.371, 0.62, 0.71, 1 ]
					},
					{
						"time": 0.1667,
						"angle": 15.81,
						"curve": [ 0.25, 0, 0.75, 1 ]
					},
					{
						"time": 1.1667,
						"angle": -18.28,
						"curve": [ 0.25, 0, 0.75, 1 ]
					},
					{ "time": 2, "angle": 12.52 }
				]
			},
			"light4": {
				"rotate": [
					{
						"time": 0,
						"angle": 7.55,
						"curve": [ 0.345, 0.37, 0.757, 1 ]
					},
					{
						"time": 0.7,
						"angle": -18.28,
						"curve": [ 0.25, 0, 0.75, 1 ]
					},
					{
						"time": 1.7,
						"angle": 15.81,
						"curve": [ 0.269, 0, 0.618, 0.42 ]
					},
					{ "time": 2, "angle": 7.55 }
				]
			},
			"light3": {
				"rotate": [
					{
						"time": 0,
						"angle": -7.19,
						"curve": [ 0.382, 0.56, 0.739, 1 ]
					},
					{
						"time": 0.3667,
						"angle": -18.28,
						"curve": [ 0.25, 0, 0.75, 1 ]
					},
					{
						"time": 1.3667,
						"angle": 15.81,
						"curve": [ 0.244, 0, 0.643, 0.58 ]
					},
					{ "time": 2, "angle": -7.19 }
				]
			},
			"root": {
				"scale": [
					{
						"time": 0,
						"x": 0,
						"y": 0,
						"curve": [ 0.25, 0, 0.627, 1.68 ]
					},
					{ "time": 0.3333, "x": 1, "y": 1, "curve": "stepped" },
					{
						"time": 1.6667,
						"x": 1,
						"y": 1,
						"curve": [ 0.25, 0, 0.75, 1 ]
					},
					{ "time": 2, "x": 0, "y": 0 }
				]
			},
			"flash": {
				"translate": [
					{
						"time": 0.5,
						"x": 0,
						"y": 0,
						"curve": [ 0.25, 0, 0.75, 1 ]
					},
					{ "time": 1.3333, "x": 312.8, "y": -219.02 }
				]
			},
			"you_won": {
				"scale": [
					{
						"time": 0.8333,
						"x": 1,
						"y": 1,
						"curve": [ 0.25, 0, 0.625, 0.5 ]
					},
					{
						"time": 1.2,
						"x": 1.3,
						"y": 1.3,
						"curve": [ 0.375, 0.5, 0.75, 1 ]
					},
					{ "time": 1.4333, "x": 1, "y": 1 }
				]
			}
		}
	},
	"silver": {
		"slots": {
			"ballflash": {
				"color": [
					{ "time": 0, "color": "ffffff00", "curve": "stepped" },
					{
						"time": 0.4667,
						"color": "ffffff00",
						"curve": [ 0.25, 0, 0.75, 1 ]
					},
					{ "time": 0.5, "color": "ffffffff" }
				]
			},
			"ballflash_ring": {
				"color": [
					{ "time": 0, "color": "ffffff00", "curve": "stepped" },
					{
						"time": 0.4,
						"color": "ffffff00",
						"curve": [ 0.25, 0, 0.75, 1 ]
					},
					{ "time": 0.4333, "color": "ffffffff" }
				]
			},
			"person": {
				"attachment": [
					{ "time": 0, "name": "person2" }
				]
			},
			"you_won_light": {
				"color": [
					{ "time": 0, "color": "ffffff00", "curve": "stepped" },
					{
						"time": 0.8333,
						"color": "ffffff00",
						"curve": [ 0.25, 0, 0.75, 1 ]
					},
					{ "time": 1.0667, "color": "ffffffff", "curve": "stepped" },
					{
						"time": 1.2333,
						"color": "ffffffff",
						"curve": [ 0.25, 0, 0.75, 1 ]
					},
					{ "time": 1.4333, "color": "ffffff00" }
				]
			}
		},
		"bones": {
			"light8": {
				"rotate": [
					{
						"time": 0,
						"angle": -18.28,
						"curve": [ 0.25, 0, 0.75, 1 ]
					},
					{
						"time": 1,
						"angle": 15.81,
						"curve": [ 0.25, 0, 0.75, 1 ]
					},
					{ "time": 2, "angle": -18.28 }
				]
			},
			"light7": {
				"rotate": [
					{
						"time": 0,
						"angle": 0.27,
						"curve": [ 0.372, 0.48, 0.752, 1 ]
					},
					{
						"time": 0.5333,
						"angle": -18.28,
						"curve": [ 0.25, 0, 0.75, 1 ]
					},
					{
						"time": 1.5333,
						"angle": 15.81,
						"curve": [ 0.252, 0, 0.622, 0.48 ]
					},
					{ "time": 2, "angle": 0.27 }
				]
			},
			"light6": {
				"rotate": [
					{
						"time": 0,
						"angle": -7.19,
						"curve": [ 0.357, 0.42, 0.756, 1 ]
					},
					{
						"time": 0.6333,
						"angle": 15.81,
						"curve": [ 0.25, 0, 0.75, 1 ]
					},
					{
						"time": 1.6333,
						"angle": -18.28,
						"curve": [ 0.25, 0, 0.75, 1 ]
					},
					{ "time": 2, "angle": -7.19 }
				]
			},
			"light5": {
				"rotate": [
					{
						"time": 0,
						"angle": 12.52,
						"curve": [ 0.371, 0.62, 0.71, 1 ]
					},
					{
						"time": 0.1667,
						"angle": 15.81,
						"curve": [ 0.25, 0, 0.75, 1 ]
					},
					{
						"time": 1.1667,
						"angle": -18.28,
						"curve": [ 0.25, 0, 0.75, 1 ]
					},
					{ "time": 2, "angle": 12.52 }
				]
			},
			"light4": {
				"rotate": [
					{
						"time": 0,
						"angle": 7.55,
						"curve": [ 0.345, 0.37, 0.757, 1 ]
					},
					{
						"time": 0.7,
						"angle": -18.28,
						"curve": [ 0.25, 0, 0.75, 1 ]
					},
					{
						"time": 1.7,
						"angle": 15.81,
						"curve": [ 0.269, 0, 0.618, 0.42 ]
					},
					{ "time": 2, "angle": 7.55 }
				]
			},
			"light3": {
				"rotate": [
					{
						"time": 0,
						"angle": -7.19,
						"curve": [ 0.382, 0.56, 0.739, 1 ]
					},
					{
						"time": 0.3667,
						"angle": -18.28,
						"curve": [ 0.25, 0, 0.75, 1 ]
					},
					{
						"time": 1.3667,
						"angle": 15.81,
						"curve": [ 0.244, 0, 0.643, 0.58 ]
					},
					{ "time": 2, "angle": -7.19 }
				]
			},
			"root": {
				"scale": [
					{
						"time": 0,
						"x": 0,
						"y": 0,
						"curve": [ 0.25, 0, 0.627, 1.68 ]
					},
					{ "time": 0.3333, "x": 1, "y": 1, "curve": "stepped" },
					{
						"time": 1.6667,
						"x": 1,
						"y": 1,
						"curve": [ 0.25, 0, 0.75, 1 ]
					},
					{ "time": 2, "x": 0, "y": 0 }
				]
			},
			"flash": {
				"translate": [
					{
						"time": 0.5,
						"x": 0,
						"y": 0,
						"curve": [ 0.25, 0, 0.75, 1 ]
					},
					{ "time": 1.3333, "x": 312.8, "y": -219.02 }
				]
			},
			"you_won": {
				"scale": [
					{
						"time": 0.8333,
						"x": 1,
						"y": 1,
						"curve": [ 0.25, 0, 0.625, 0.5 ]
					},
					{
						"time": 1.2,
						"x": 1.3,
						"y": 1.3,
						"curve": [ 0.375, 0.5, 0.75, 1 ]
					},
					{ "time": 1.4333, "x": 1, "y": 1 }
				]
			},
			"balllight": {
				"translate": [
					{ "time": 0, "x": -53.97, "y": 25.64 }
				]
			}
		}
	}
}
}