{
"skeleton": { "hash": "Z5b/sBkQWW+ucxIghldf52dptdU", "spine": "3.7.89", "width": 1454.29, "height": 373.48 },
"bones": [
	{ "name": "root", "y": -93 },
	{ "name": "person_action", "parent": "root", "x": 241.2 },
	{ "name": "door", "parent": "person_action", "x": -217.42, "y": 96.13 },
	{ "name": "door_01", "parent": "door", "x": -0.48, "y": 0.18 },
	{ "name": "door_1", "parent": "door", "x": 8.48, "y": 7.42 },
	{ "name": "door_2", "parent": "door", "x": 17.43, "y": 15.59 },
	{ "name": "land", "parent": "person_action", "x": 159.19, "y": 55.95 },
	{ "name": "landline_blue", "parent": "land", "x": -305.28, "y": 0.67, "shearY": -37.41 },
	{ "name": "landline_blue2", "parent": "land", "x": -245.78, "y": 74.51, "shearY": -37.41 },
	{ "name": "landline_white3", "parent": "land", "rotation": 90, "x": -341.95, "y": 39.13, "shearX": -47.42 },
	{ "name": "landline_white4", "parent": "land", "rotation": 90, "x": -148.13, "y": 39.13, "shearX": -38.55 },
	{ "name": "landbg", "parent": "land", "x": -303.25, "y": 1140.98, "scaleX": 2, "scaleY": 2 },
	{ "name": "hitlight", "parent": "root", "x": 323.64, "y": 211.33 },
	{ "name": "white_light", "parent": "hitlight", "x": 8.8, "y": -0.91 },
	{ "name": "ball_small_action", "parent": "root", "x": 400 },
	{ "name": "ball_small", "parent": "ball_small_action", "rotation": -13.06, "x": -69.02, "y": 210.5 },
	{ "name": "person", "parent": "person_action", "x": -102.24, "y": 97.25 },
	{ "name": "t_shirt", "parent": "person", "x": 63.96, "y": 174.17 },
	{ "name": "thigh_right", "parent": "t_shirt", "length": 71.5, "rotation": -102.34, "x": -20.59, "y": 0.66 },
	{ "name": "calf_right", "parent": "thigh_right", "length": 94.79, "rotation": -2.28, "x": 69.8 },
	{ "name": "thigh-left", "parent": "t_shirt", "length": 86.4, "rotation": -58.22, "x": 7.23, "y": 1.28 },
	{ "name": "calf_left", "parent": "thigh-left", "length": 90.73, "rotation": -20.78, "x": 85.48, "y": 0.14 },
	{ "name": "t_shirt2", "parent": "t_shirt", "length": 71.5, "rotation": 88.6, "x": 1.2, "y": 6.13 },
	{ "name": "neck", "parent": "t_shirt2", "x": 71.5 },
	{ "name": "t_shirt3", "parent": "neck", "length": 35.72, "rotation": 114.08, "x": -2.89, "y": 10.27 },
	{ "name": "shoulder_right", "parent": "t_shirt3", "length": 51.43, "rotation": 57.12, "x": 35.74, "y": 0.72 },
	{ "name": "arm_right", "parent": "shoulder_right", "length": 43.74, "rotation": 62.31, "x": 50.91, "y": 0.36 },
	{ "name": "t_shirt4", "parent": "neck", "length": 37.28, "rotation": -104.5, "x": -0.38, "y": -11.59 },
	{ "name": "shouder", "parent": "t_shirt4", "length": 50.4, "rotation": -68.67, "x": 36.38, "y": -0.49 },
	{ "name": "hand", "parent": "shouder", "length": 42.82, "rotation": -63.68, "x": 50.88, "y": 0.4 },
	{ "name": "bat", "parent": "t_shirt", "length": 129.7, "rotation": 176.91, "x": 4.42, "y": -21.96 },
	{ "name": "head", "parent": "t_shirt2", "length": 38.22, "rotation": -0.8, "x": 69.47, "y": -0.6 },
	{ "name": "hand_right_IK", "parent": "bat", "rotation": 145.2, "x": 18.91, "y": -4.42 },
	{ "name": "hand_left_IK", "parent": "bat", "rotation": 34.84, "x": -12.92, "y": -16.04 },
	{ "name": "t_shirt5", "parent": "t_shirt2", "x": 30.86, "y": -5.44 },
	{ "name": "foot_left", "parent": "calf_left", "length": 24.18, "rotation": 69.27, "x": 90.69, "y": 0.53 },
	{ "name": "foot_left_IK", "parent": "person", "rotation": -79, "x": 133.64, "y": 13.78 },
	{ "name": "foot_right", "parent": "calf_right", "length": 18.4, "rotation": 72.51, "x": 96.28, "y": -0.49 },
	{ "name": "foot_right_IK", "parent": "person", "rotation": -104.62, "x": 4.53, "y": 14.92 },
	{ "name": "shadow_right", "parent": "person", "length": 10, "x": -13.65, "y": 1.09 },
	{ "name": "shadow_left", "parent": "person", "length": 10, "x": 121.69, "y": -1.33 },
	{ "name": "ball_small_movement", "parent": "ball_small_action" },
	{ "name": "t_shirt6", "parent": "t_shirt2", "x": 29.95, "y": -35.68 }
],
"slots": [
	{ "name": "landbg_back", "bone": "landbg", "attachment": "landbg" },
	{ "name": "landbg_back2", "bone": "landbg", "attachment": "landbg" },
	{ "name": "landbg", "bone": "landbg", "attachment": "landbg" },
	{ "name": "landbg2", "bone": "landbg", "attachment": "landbg" },
	{ "name": "landbg3", "bone": "landbg", "attachment": "landbg" },
	{ "name": "landbg4", "bone": "landbg", "attachment": "landbg" },
	{ "name": "landbg5", "bone": "landbg", "attachment": "landbg" },
	{ "name": "landbg6", "bone": "landbg", "attachment": "landbg" },
	{ "name": "landbg7", "bone": "landbg", "attachment": "landbg" },
	{ "name": "landbg8", "bone": "landbg", "attachment": "landbg" },
	{ "name": "landbg9", "bone": "landbg", "attachment": "landbg" },
	{ "name": "landbg10", "bone": "landbg", "attachment": "landbg" },
	{ "name": "landbg11", "bone": "landbg", "attachment": "landbg" },
	{ "name": "landbg12", "bone": "landbg", "attachment": "landbg" },
	{ "name": "landbg13", "bone": "landbg", "attachment": "landbg" },
	{ "name": "landbg14", "bone": "landbg", "attachment": "landbg" },
	{ "name": "landbg15", "bone": "landbg", "attachment": "landbg" },
	{ "name": "landbg16", "bone": "landbg", "attachment": "landbg" },
	{ "name": "landbg17", "bone": "landbg", "attachment": "landbg" },
	{ "name": "landbg18", "bone": "landbg", "attachment": "landbg" },
	{ "name": "landbg19", "bone": "landbg", "attachment": "landbg" },
	{ "name": "landbg20", "bone": "landbg", "attachment": "landbg" },
	{ "name": "landbg21", "bone": "landbg", "attachment": "landbg" },
	{ "name": "landbg22", "bone": "landbg", "attachment": "landbg" },
	{ "name": "landbg23", "bone": "landbg", "attachment": "landbg" },
	{ "name": "landbg24", "bone": "landbg", "attachment": "landbg" },
	{ "name": "landbg25", "bone": "landbg", "attachment": "landbg" },
	{ "name": "landbg26", "bone": "landbg", "attachment": "landbg" },
	{ "name": "landbg27", "bone": "landbg", "attachment": "landbg" },
	{ "name": "landbg28", "bone": "landbg", "attachment": "landbg" },
	{ "name": "landbg29", "bone": "landbg", "attachment": "landbg" },
	{ "name": "landbg30", "bone": "landbg", "attachment": "landbg_2" },
	{ "name": "landbg_side", "bone": "landbg", "attachment": "land_side" },
	{ "name": "landbg_side2", "bone": "landbg", "attachment": "land_side" },
	{ "name": "landline_blue", "bone": "landline_blue", "attachment": "landline_blue" },
	{ "name": "landline_blue2", "bone": "landline_blue2", "attachment": "landline_blue" },
	{ "name": "landline_white", "bone": "land", "attachment": "landline_white_2" },
	{ "name": "landline_white3", "bone": "landline_white3", "attachment": "landline_white" },
	{ "name": "landline_white4", "bone": "landline_white4", "attachment": "landline_white" },
	{ "name": "landline_white2", "bone": "land", "attachment": "landline_white_2" },
	{ "name": "door_01", "bone": "door_01", "attachment": "door_03" },
	{ "name": "door_10", "bone": "door_01", "attachment": "door_03" },
	{ "name": "door_17", "bone": "door_1", "attachment": "door_03" },
	{ "name": "door_11", "bone": "door_1", "attachment": "door_03" },
	{ "name": "door_24", "bone": "door_2", "attachment": "door_03" },
	{ "name": "door_18", "bone": "door_2", "attachment": "door_03" },
	{ "name": "door_02", "bone": "door_01", "attachment": "door_02" },
	{ "name": "door_12", "bone": "door_1", "attachment": "door_02" },
	{ "name": "door_19", "bone": "door_2", "attachment": "door_02" },
	{ "name": "door_6", "bone": "door_01", "attachment": "door_02" },
	{ "name": "door_13", "bone": "door_1", "attachment": "door_02" },
	{ "name": "door_20", "bone": "door_2", "attachment": "door_02" },
	{ "name": "door_7", "bone": "door_01", "attachment": "door_02" },
	{ "name": "door_14", "bone": "door_1", "attachment": "door_02" },
	{ "name": "door_21", "bone": "door_2", "attachment": "door_02" },
	{ "name": "door_8", "bone": "door_01", "attachment": "door_02" },
	{ "name": "door_15", "bone": "door_1", "attachment": "door_02" },
	{ "name": "door_22", "bone": "door_2", "attachment": "door_02" },
	{ "name": "door_9", "bone": "door_01", "attachment": "door_02" },
	{ "name": "door_16", "bone": "door_1", "attachment": "door_02" },
	{ "name": "door_23", "bone": "door_2", "attachment": "door_02" },
	{ "name": "door_top2", "bone": "door", "attachment": "door_01" },
	{ "name": "door_top1", "bone": "door", "attachment": "door_01" },
	{ "name": "ball_small_movement", "bone": "ball_small_movement", "attachment": "ball_small_movement" },
	{ "name": "shadow_right", "bone": "shadow_right", "attachment": "shadow" },
	{ "name": "shadow_left", "bone": "shadow_left", "attachment": "shadow" },
	{ "name": "foot_right", "bone": "foot_right", "attachment": "foot_right" },
	{ "name": "foot_left", "bone": "foot_left", "attachment": "foot_left" },
	{ "name": "thigh_left", "bone": "thigh-left", "attachment": "thigh_left" },
	{ "name": "thigh_right", "bone": "thigh_right", "attachment": "thigh_right" },
	{ "name": "calf_left", "bone": "calf_left", "attachment": "calf_left" },
	{ "name": "calf_right", "bone": "calf_right", "attachment": "calf_right" },
	{ "name": "shouder", "bone": "shouder", "attachment": "shouder" },
	{ "name": "t_shirt", "bone": "t_shirt", "attachment": "t_shirt" },
	{ "name": "shoulder_right", "bone": "shoulder_right", "attachment": "shoulder_right" },
	{ "name": "head_shadow", "bone": "t_shirt2", "attachment": "head_shadow" },
	{ "name": "head", "bone": "head", "attachment": "head" },
	{ "name": "arm_right", "bone": "arm_right", "attachment": "arm_right" },
	{ "name": "hand", "bone": "hand", "attachment": "hand" },
	{ "name": "ball", "bone": "ball_small", "attachment": "ball" },
	{ "name": "white_light", "bone": "white_light", "attachment": "white_light" },
	{ "name": "hitlight_1", "bone": "hitlight", "attachment": "hitlight_1" },
	{ "name": "hitlight_2", "bone": "hitlight", "attachment": "hitlight_2" },
	{ "name": "hitlight_3", "bone": "hitlight", "attachment": "hitlight_3" },
	{ "name": "hitlight_4", "bone": "hitlight", "attachment": "hitlight_4" }
],
"ik": [
	{
		"name": "foot_left_IK",
		"order": 3,
		"bones": [ "thigh-left", "calf_left" ],
		"target": "foot_left_IK",
		"bendPositive": false
	},
	{
		"name": "foot_right_IK",
		"order": 2,
		"bones": [ "thigh_right", "calf_right" ],
		"target": "foot_right_IK",
		"bendPositive": false
	},
	{
		"name": "hand_left_IK",
		"order": 1,
		"bones": [ "shouder", "hand" ],
		"target": "hand_left_IK",
		"bendPositive": false
	},
	{
		"name": "hand_right_IK",
		"order": 0,
		"bones": [ "shoulder_right", "arm_right" ],
		"target": "hand_right_IK"
	}
],
"path": [
	{
		"name": "ball_small_into_movement",
		"order": 4,
		"bones": [ "ball_small" ],
		"target": "ball_small_movement",
		"rotation": 180,
		"position": 0.9957
	}
],
"skins": {
	"default": {
		"arm_right": {
			"arm_right": {
				"type": "mesh",
				"uvs": [ 0.4028, 0.04892, 0.42147, 0.18295, 0.4448, 0.21957, 0.58213, 0.32942, 0.76546, 0.46207, 0.86879, 0.58229, 1, 0.72047, 1, 0.80476, 0.92946, 0.92497, 0.72479, 1, 0.48947, 0.88214, 0.36214, 0.78472, 0.24414, 0.67072, 0.14681, 0.53876, 0.05748, 0.41095, 0, 0.29419, 0, 0.17328, 0.07814, 0.08139, 0.18681, 0.03303, 0.3188, 0 ],
				"triangles": [ 6, 7, 8, 8, 9, 6, 15, 17, 18, 0, 18, 19, 9, 5, 6, 5, 9, 10, 10, 4, 5, 10, 11, 4, 11, 3, 4, 11, 12, 3, 3, 13, 2, 3, 12, 13, 2, 14, 1, 2, 13, 14, 1, 15, 0, 1, 14, 15, 0, 15, 18, 15, 16, 17 ],
				"vertices": [ 2, 25, 35.45, 12.77, 0.3375, 26, 3.8, 19.46, 0.6625, 2, 25, 42.52, 15.12, 0.16743, 26, 9.17, 14.3, 0.83257, 2, 25, 44.26, 16.79, 0.08382, 26, 11.46, 13.52, 0.91618, 1, 26, 21.35, 13.56, 1, 1, 26, 34.07, 14.22, 1, 1, 26, 42.78, 12.62, 1, 2, 26, 53.35, 11.22, 0.30073, 32, 9.61, 11.21, 0.69927, 2, 26, 56.2, 7.56, 0.27484, 32, 12.46, 7.56, 0.72516, 2, 26, 57.09, -0.13, 0.274, 32, 13.34, -0.13, 0.726, 2, 26, 50.41, -10.55, 0.28882, 32, 6.67, -10.55, 0.71118, 2, 26, 35.85, -13.67, 0.99422, 32, -7.9, -13.67, 0.00578, 1, 26, 26.83, -13.9, 1, 1, 26, 17.67, -13.08, 1, 1, 26, 8.83, -10.76, 1, 1, 26, 0.5, -8.34, 1, 2, 25, 52.79, -7.44, 0.10339, 26, -6.03, -5.29, 0.89661, 2, 25, 46.24, -8.62, 0.62459, 26, -10.12, -0.04, 0.37541, 2, 25, 40.48, -5.13, 0.78691, 26, -9.7, 6.69, 0.21309, 2, 25, 36.77, 0.5, 0.52921, 26, -6.45, 12.59, 0.47079, 2, 25, 33.65, 7.58, 0.43105, 26, -1.63, 18.64, 0.56895 ],
				"hull": 20
			}
		},
		"ball": {
			"ball": { "rotation": 13.06, "width": 17, "height": 17 }
		},
		"ball_small_movement": {
			"ball_small_movement": {
				"type": "path",
				"lengths": [ 801.65, 1192.79, 2415.8 ],
				"vertexCount": 9,
				"vertices": [ 1149.32, 251.15, 1083.65, 244.41, 800.45, 215.31, 298.93, 86.67, 298.14, 86.66, 297.22, 86.64, 81.17, 175.7, -72.32, 211.27, -189.82, 238.5 ]
			}
		},
		"calf_left": {
			"calf_left": {
				"type": "mesh",
				"uvs": [ 0.43826, 0.01391, 0.53982, 0.06524, 0.61999, 0.1406, 0.67392, 0.20311, 0.71279, 0.25517, 0.75271, 0.32635, 0.81545, 0.53808, 0.88464, 0.70576, 0.91365, 0.77478, 0.9516, 0.83524, 1, 0.87288, 1, 0.91053, 0.92035, 0.90882, 0.82438, 0.88543, 0.74626, 0.87744, 0.67261, 0.88999, 0.64471, 0.93847, 0.59673, 0.9784, 0.5108, 1, 0.42376, 0.98581, 0.38358, 0.94133, 0.35122, 0.88999, 0.34006, 0.80102, 0.2374, 0.61108, 0.12134, 0.43427, 0.07622, 0.36245, 0.02823, 0.28716, 0, 0.23354, 0, 0.12574, 0.07398, 0.05332, 0.15879, 0.01395, 0.26369, 0, 0.65035, 0.83502, 0.6096, 0.7506, 0.53667, 0.56533, 0.44659, 0.36526, 0.41944, 0.30786, 0.36474, 0.22728, 0.29718, 0.13793, 0.23068, 0.07325 ],
				"triangles": [ 39, 31, 0, 38, 39, 0, 2, 37, 1, 39, 28, 29, 26, 38, 37, 2, 36, 37, 25, 26, 37, 36, 3, 4, 25, 37, 36, 35, 36, 4, 24, 25, 36, 5, 34, 35, 5, 35, 4, 34, 5, 6, 35, 23, 24, 35, 24, 36, 23, 35, 34, 33, 34, 6, 33, 6, 7, 22, 23, 34, 22, 34, 33, 32, 33, 7, 32, 7, 8, 14, 32, 8, 14, 8, 9, 13, 14, 9, 15, 32, 14, 21, 22, 33, 21, 33, 32, 12, 13, 9, 12, 9, 10, 12, 10, 11, 32, 20, 21, 15, 20, 32, 16, 19, 20, 20, 15, 16, 19, 16, 18, 17, 18, 16, 36, 2, 3, 26, 27, 38, 27, 28, 39, 27, 39, 38, 37, 38, 1, 39, 29, 30, 39, 30, 31, 38, 0, 1 ],
				"vertices": [ 1, 21, -33.65, 7.68, 1, 1, 21, -25.51, 13.23, 1, 1, 21, -14.47, 16.72, 1, 1, 21, -5.48, 18.77, 1, 1, 21, 1.93, 20.06, 1, 1, 21, 11.89, 20.93, 1, 1, 21, 40.77, 19.73, 1, 1, 21, 63.91, 20.09, 1, 1, 21, 73.44, 20.28, 1, 2, 21, 81.95, 21.29, 0.90064, 35, 16.33, 15.52, 0.09936, 2, 21, 87.57, 23.6, 0.85372, 35, 20.48, 11.08, 0.14628, 2, 21, 92.56, 22.63, 0.78129, 35, 21.33, 6.07, 0.21871, 2, 21, 91.29, 17.28, 0.74672, 35, 15.88, 5.37, 0.25328, 2, 21, 86.92, 11.38, 0.73655, 35, 8.82, 7.36, 0.26345, 2, 21, 84.84, 6.3, 0.88033, 35, 3.32, 7.51, 0.11967, 2, 21, 85.53, 0.99, 0.87515, 35, -1.4, 4.98, 0.12485, 2, 21, 91.59, -2.15, 0.82569, 35, -2.19, -1.79, 0.17431, 2, 21, 96.25, -6.43, 0.76978, 35, -4.54, -7.66, 0.23022, 2, 21, 97.98, -12.81, 0.74811, 35, -9.89, -11.54, 0.25189, 2, 21, 94.95, -18.34, 0.8406, 35, -16.14, -10.67, 0.1594, 2, 21, 88.53, -19.91, 0.84999, 35, -19.88, -5.22, 0.15001, 2, 21, 81.3, -20.78, 0.9406, 35, -23.26, 1.24, 0.0594, 1, 21, 69.36, -19.25, 1, 1, 21, 42.84, -21.31, 1, 1, 21, 17.88, -24.62, 1, 1, 21, 7.77, -25.82, 1, 1, 21, -2.84, -27.13, 1, 1, 21, -10.32, -27.66, 1, 1, 21, -24.6, -24.89, 1, 1, 21, -33.23, -18.01, 1, 1, 21, -37.33, -11.25, 1, 1, 21, -37.79, -3.79, 1, 2, 21, 77.95, 0.89, 0.86316, 35, -4.17, 12.04, 0.13684, 1, 21, 66.23, 0.31, 1, 1, 21, 40.72, 0.14, 1, 1, 21, 13.02, -0.81, 1, 1, 21, 5.05, -1.17, 1, 1, 21, -6.35, -2.8, 1, 1, 21, -19.08, -5.07, 1, 1, 21, -28.52, -7.91, 1 ],
				"hull": 32
			}
		},
		"calf_right": {
			"calf_right": {
				"type": "mesh",
				"uvs": [ 1, 0.04441, 1, 0.15742, 0.98457, 0.23506, 0.94652, 0.32046, 0.90505, 0.3826, 0.80868, 0.57192, 0.69566, 0.80274, 0.67156, 0.88126, 0.65733, 0.94669, 0.61911, 0.97024, 0.5708, 1, 0.49304, 0.97941, 0.42404, 0.95502, 0.31233, 0.94729, 0.24333, 0.97048, 0.12833, 1, 0, 0.94669, 0, 0.86818, 0.04838, 0.77836, 0.08452, 0.71471, 0, 0.68794, 0.08867, 0.47858, 0.22229, 0.2817, 0.33619, 0.12347, 0.45995, 0.04972, 0.61, 0, 0.77081, 0, 0.87814, 0, 0.35825, 0.89135, 0.39549, 0.81937, 0.44258, 0.7355, 0.64629, 0.31972, 0.68353, 0.23942, 0.72296, 0.15674, 0.76129, 0.07168, 0.54141, 0.5338 ],
				"triangles": [ 34, 25, 26, 33, 25, 34, 34, 0, 1, 33, 34, 1, 2, 33, 1, 32, 24, 33, 31, 23, 32, 3, 33, 2, 32, 33, 3, 4, 32, 3, 31, 32, 4, 31, 22, 23, 35, 22, 31, 21, 22, 35, 5, 31, 4, 35, 31, 5, 19, 20, 21, 30, 19, 21, 35, 30, 21, 6, 35, 5, 30, 35, 6, 29, 19, 30, 18, 19, 29, 7, 30, 6, 29, 30, 7, 28, 18, 29, 8, 29, 7, 28, 29, 8, 15, 16, 17, 18, 13, 17, 18, 28, 13, 12, 28, 8, 13, 28, 12, 9, 12, 8, 13, 14, 17, 11, 12, 9, 14, 15, 17, 10, 11, 9, 23, 24, 32, 24, 25, 33, 34, 26, 27, 34, 27, 0 ],
				"vertices": [ 2, 18, 51.91, 14.26, 0.40464, 19, -18.44, 13.53, 0.59536, 2, 18, 64.72, 17.06, 0.29393, 19, -5.76, 16.84, 0.70607, 2, 18, 73.72, 18.04, 0.16585, 19, 3.2, 18.17, 0.83415, 2, 18, 83.91, 17.81, 0.07645, 19, 13.39, 18.35, 0.92355, 2, 18, 91.51, 16.8, 0.00538, 19, 21.03, 17.65, 0.99462, 1, 19, 43.81, 17.32, 1, 1, 19, 71.51, 17.18, 1, 2, 19, 80.71, 18.01, 0.9538, 37, 12.97, 20.41, 0.0462, 2, 19, 88.28, 19.06, 0.90493, 37, 16.24, 13.51, 0.09507, 2, 19, 91.53, 17.42, 0.85075, 37, 15.65, 9.92, 0.14925, 2, 19, 95.64, 15.35, 0.78098, 37, 14.91, 5.37, 0.21902, 2, 19, 94.57, 10.01, 0.79616, 37, 9.49, 4.79, 0.20384, 2, 19, 92.93, 5.09, 0.83156, 37, 4.31, 4.88, 0.16844, 2, 19, 93.83, -1.95, 0.85236, 37, -2.13, 1.9, 0.14764, 2, 19, 97.54, -5.48, 0.83058, 37, -4.38, -2.69, 0.16942, 2, 19, 102.68, -11.62, 0.84332, 37, -8.7, -9.45, 0.15668, 2, 19, 98.73, -21.01, 0.95285, 37, -18.83, -8.51, 0.04715, 2, 19, 89.92, -23.31, 0.98724, 37, -23.68, -0.79, 0.01276, 1, 19, 79.07, -22.99, 1, 1, 19, 71.35, -22.65, 1, 2, 18, 138.3, -31.33, 1.0E-5, 19, 69.69, -28.58, 0.99999, 1, 19, 44.78, -29.31, 1, 1, 19, 20.56, -26.93, 1, 2, 18, 69.81, -24.64, 0.00173, 19, 0.99, -24.62, 0.99827, 2, 18, 59.79, -18.85, 0.03314, 19, -9.26, -19.23, 0.96686, 2, 18, 52.13, -10.85, 0.13906, 19, -17.23, -11.54, 0.86094, 2, 18, 49.97, -0.95, 0.26442, 19, -19.78, -1.74, 0.73558, 2, 18, 48.52, 5.66, 0.37023, 19, -21.49, 4.8, 0.62977, 2, 19, 86.82, -0.79, 0.92924, 37, -3.13, 8.93, 0.07076, 2, 19, 78.15, -0.63, 0.9733, 37, -5.58, 17.25, 0.0267, 1, 19, 67.99, -0.21, 1, 2, 18, 87.87, -0.68, 0.01646, 19, 18.08, 0.03, 0.98354, 2, 18, 78.27, -0.38, 0.04254, 19, 8.48, -0.05, 0.95746, 2, 18, 68.37, -0.01, 0.11852, 19, -1.43, -0.07, 0.88148, 2, 18, 58.22, 0.24, 0.19972, 19, -11.59, -0.22, 0.80028, 1, 19, 43.78, -0.09, 1 ],
				"hull": 28
			}
		},
		"door_01": {
			"door_03": { "x": 0.42, "y": 7.04, "width": 7, "height": 14 }
		},
		"door_02": {
			"door_02": { "x": 0.42, "y": 24.68, "width": 7, "height": 25 }
		},
		"door_10": {
			"door_03": { "x": 0.42, "y": 128.45, "width": 7, "height": 14 }
		},
		"door_11": {
			"door_03": { "x": 0.42, "y": 128.45, "width": 7, "height": 14 }
		},
		"door_12": {
			"door_02": { "x": 0.42, "y": 24.68, "width": 7, "height": 25 }
		},
		"door_13": {
			"door_02": { "x": 0.42, "y": 48.24, "width": 7, "height": 25 }
		},
		"door_14": {
			"door_02": { "x": 0.42, "y": 71.68, "width": 7, "height": 25 }
		},
		"door_15": {
			"door_02": { "x": 0.42, "y": 95.04, "width": 7, "height": 25 }
		},
		"door_16": {
			"door_02": { "x": 0.42, "y": 118.48, "width": 7, "height": 25 }
		},
		"door_17": {
			"door_03": { "x": 0.42, "y": 7.04, "width": 7, "height": 14 }
		},
		"door_18": {
			"door_03": { "x": 0.42, "y": 128.45, "width": 7, "height": 14 }
		},
		"door_19": {
			"door_02": { "x": 0.42, "y": 24.68, "width": 7, "height": 25 }
		},
		"door_20": {
			"door_02": { "x": 0.42, "y": 48.24, "width": 7, "height": 25 }
		},
		"door_21": {
			"door_02": { "x": 0.42, "y": 71.68, "width": 7, "height": 25 }
		},
		"door_22": {
			"door_02": { "x": 0.42, "y": 95.04, "width": 7, "height": 25 }
		},
		"door_23": {
			"door_02": { "x": 0.42, "y": 118.48, "width": 7, "height": 25 }
		},
		"door_24": {
			"door_03": { "x": 0.42, "y": 7.04, "width": 7, "height": 14 }
		},
		"door_6": {
			"door_02": { "x": 0.42, "y": 48.24, "width": 7, "height": 25 }
		},
		"door_7": {
			"door_02": { "x": 0.42, "y": 71.68, "width": 7, "height": 25 }
		},
		"door_8": {
			"door_02": { "x": 0.42, "y": 95.04, "width": 7, "height": 25 }
		},
		"door_9": {
			"door_02": { "x": 0.42, "y": 118.48, "width": 7, "height": 25 }
		},
		"door_top1": {
			"door_01": { "x": 3.02, "y": 137.4, "width": 13, "height": 11 }
		},
		"door_top2": {
			"door_01": { "x": 14.88, "y": 145.66, "width": 13, "height": 11 }
		},
		"foot_left": {
			"foot_left": {
				"type": "mesh",
				"uvs": [ 0.63706, 0.13753, 0.80089, 0.15682, 0.90515, 0.31682, 0.95536, 0.44611, 1, 0.59968, 0.92941, 0.73254, 0.77108, 0.83086, 0.58597, 0.92587, 0.37193, 1, 0.07235, 0.92729, 0, 0.78229, 0.02085, 0.61443, 0.06937, 0.493, 0.0732, 0.35085, 0.06043, 0.22228, 0.23902, 0.13452, 0.42231, 0.04446, 0.51278, 0, 0.56642, 0, 0.26679, 0.32592, 0.29977, 0.62235, 0.49977, 0.59199, 0.74976, 0.50985, 0.45722, 0.27771, 0.63062, 0.28307 ],
				"triangles": [ 15, 16, 23, 0, 23, 16, 24, 1, 2, 19, 23, 21, 9, 10, 20, 11, 12, 20, 20, 12, 19, 20, 19, 21, 7, 8, 20, 7, 21, 6, 21, 22, 6, 6, 22, 5, 5, 22, 4, 22, 3, 4, 21, 24, 22, 22, 2, 3, 7, 20, 21, 9, 20, 8, 20, 10, 11, 12, 13, 19, 22, 24, 2, 21, 23, 24, 13, 14, 19, 19, 15, 23, 24, 23, 0, 24, 0, 1, 14, 15, 19, 17, 0, 16, 0, 17, 18 ],
				"vertices": [ 2, 21, 84.68, 13.92, 0.3049, 35, 10.4, 10.35, 0.6951, 2, 21, 86.68, 21.37, 0.23882, 35, 18.08, 11.12, 0.76118, 2, 21, 92.02, 25.33, 0.10083, 35, 23.66, 7.53, 0.89917, 2, 21, 96.02, 26.95, 0.05106, 35, 26.6, 4.36, 0.94894, 1, 35, 29.4, 0.48, 1, 1, 35, 26.75, -3.75, 1, 1, 35, 19.88, -7.72, 1, 1, 35, 11.76, -11.81, 1, 1, 35, 2.19, -15.56, 1, 1, 35, -12.03, -15.93, 1, 1, 35, -16.07, -12.5, 1, 2, 21, 92.27, -17.06, 0.07682, 35, -15.89, -7.7, 0.92318, 2, 21, 89.36, -14.17, 0.15615, 35, -14.22, -3.97, 0.84385, 2, 21, 85.49, -13.24, 0.22749, 35, -14.72, -0.01, 0.77251, 2, 21, 81.84, -13.14, 0.28023, 35, -15.92, 3.43, 0.71977, 2, 21, 81.03, -4.43, 0.33669, 35, -8.06, 7.27, 0.66331, 2, 21, 80.2, 4.51, 0.38244, 35, 0.01, 11.22, 0.61756, 2, 21, 79.79, 8.92, 0.39195, 35, 3.99, 13.16, 0.60805, 2, 21, 80.27, 11.39, 0.38569, 35, 6.47, 13.59, 0.61431, 2, 21, 86.54, -4.17, 0.24528, 35, -5.87, 2.21, 0.75472, 2, 21, 94.98, -4.23, 0.10653, 35, -2.94, -5.71, 0.89347, 2, 21, 95.94, 5.16, 0.10409, 35, 6.19, -3.28, 0.89591, 2, 21, 95.93, 17.13, 0.07724, 35, 17.38, 0.97, 0.92276, 2, 21, 86.92, 4.87, 0.25956, 35, 2.73, 5.06, 0.74044, 2, 21, 88.63, 12.84, 0.21645, 35, 10.79, 6.28, 0.78355 ],
				"hull": 19
			}
		},
		"foot_right": {
			"foot_right": {
				"type": "mesh",
				"uvs": [ 0.75286, 0.18229, 0.88259, 0.31229, 0.96476, 0.52313, 1, 0.71647, 1, 0.91397, 0.92908, 1, 0.68475, 1, 0.42204, 1, 0.29393, 0.93981, 0.18744, 0.87814, 0.05446, 0.78564, 0, 0.6698, 0, 0.44813, 0.035, 0.36313, 0.09014, 0.25896, 0.13555, 0.12729, 0.13555, 0, 0.36744, 0, 0.67556, 0, 0.35393, 0.16479, 0.3269, 0.43813, 0.4842, 0.56063, 0.70151, 0.63897, 0.90097, 0.6973, 0.64961, 0.21146, 0.6734, 0.38646, 0.89502, 0.48896 ],
				"triangles": [ 4, 5, 23, 5, 6, 23, 6, 22, 23, 6, 7, 22, 7, 21, 22, 7, 8, 21, 8, 9, 21, 23, 3, 4, 9, 20, 21, 9, 10, 20, 10, 11, 20, 23, 2, 3, 22, 26, 23, 23, 26, 2, 20, 12, 13, 20, 11, 12, 21, 25, 22, 22, 25, 26, 21, 20, 25, 25, 1, 26, 1, 2, 26, 13, 14, 20, 20, 14, 19, 20, 24, 25, 20, 19, 24, 19, 14, 15, 25, 0, 1, 25, 24, 0, 15, 16, 17, 24, 18, 0, 24, 17, 18, 19, 17, 24, 19, 15, 17 ],
				"vertices": [ 2, 19, 89.55, 8.49, 0.58022, 37, 6.53, 9.12, 0.41978, 2, 19, 91.36, 13.92, 0.45122, 37, 12.26, 9.03, 0.54878, 2, 19, 95.49, 18.14, 0.30108, 37, 17.52, 6.36, 0.69892, 2, 19, 99.65, 20.57, 0.19803, 37, 21.09, 3.12, 0.80197, 2, 19, 104.23, 21.77, 0.12586, 37, 23.61, -0.89, 0.87414, 2, 19, 106.89, 19.75, 0.10794, 37, 22.49, -4.04, 0.89206, 2, 19, 109.18, 11, 0.11445, 37, 14.83, -8.84, 0.88555, 2, 19, 111.63, 1.6, 0.1024, 37, 6.6, -14.01, 0.8976, 2, 19, 111.43, -3.36, 0.10145, 37, 1.82, -15.31, 0.89855, 2, 19, 110.99, -7.54, 0.09912, 37, -2.31, -16.15, 0.90088, 2, 19, 110.09, -12.86, 0.09423, 37, -7.66, -16.88, 0.90577, 2, 19, 107.9, -15.51, 0.10441, 37, -10.84, -15.6, 0.89559, 2, 19, 102.76, -16.86, 0.20203, 37, -13.67, -11.09, 0.79797, 2, 19, 100.46, -16.12, 0.25888, 37, -13.66, -8.68, 0.74112, 2, 19, 97.52, -14.78, 0.34919, 37, -13.26, -5.48, 0.65081, 2, 19, 94.04, -13.95, 0.4659, 37, -13.51, -1.91, 0.5341, 2, 19, 91.08, -14.72, 0.55727, 37, -15.14, 0.68, 0.44273, 2, 19, 88.92, -6.42, 0.65725, 37, -7.87, 5.24, 0.34275, 2, 19, 86.04, 4.61, 0.72806, 37, 1.79, 11.3, 0.27194, 2, 19, 92.87, -5.9, 0.52192, 37, -6.19, 1.63, 0.47808, 2, 19, 99.47, -5.21, 0.30734, 37, -3.55, -4.46, 0.69266, 2, 19, 100.85, 1.16, 0.2661, 37, 2.94, -3.86, 0.7339, 2, 19, 100.64, 9.41, 0.2473, 37, 10.75, -1.18, 0.7527, 2, 19, 100.13, 16.91, 0.21741, 37, 17.75, 1.56, 0.78259, 2, 19, 91.19, 4.97, 0.55612, 37, 3.67, 6.49, 0.44388, 2, 19, 95.03, 6.88, 0.41367, 37, 6.65, 3.4, 0.58633, 2, 19, 95.34, 15.43, 0.32843, 37, 14.9, 5.68, 0.67157 ],
				"hull": 19
			}
		},
		"hand": {
			"hand": {
				"type": "mesh",
				"uvs": [ 1, 0.07432, 1, 0.21741, 0.98769, 0.27584, 0.9694, 0.34784, 0.95189, 0.40575, 0.92387, 0.4814, 0.90499, 0.51166, 0.84253, 0.57114, 0.82112, 0.59514, 0.80549, 0.65672, 0.80205, 0.67027, 0.8542, 0.67914, 0.85868, 0.76574, 0.84798, 0.84244, 0.79411, 0.83185, 0.79196, 0.96385, 0.68045, 1, 0.57067, 1, 0.56962, 0.83827, 0.03662, 0.78834, 0, 0.53023, 0, 0.38045, 0.34932, 0.404, 0.55557, 0.50197, 0.57278, 0.57073, 0.63919, 0.59711, 0.64685, 0.56794, 0.65528, 0.50859, 0.6732, 0.46149, 0.69322, 0.3946, 0.72449, 0.41062, 0.75593, 0.4347, 0.77169, 0.40131, 0.78454, 0.37261, 0.79621, 0.34444, 0.82734, 0.24374, 0.84486, 0.19418, 0.86899, 0.12375, 0.89175, 0.04757, 0.9151, 0, 0.96166, 0, 0.88399, 0.21519, 0.9128, 0.30468, 0.92263, 0.397, 0.86185, 0.29715, 0.88153, 0.36403, 0.89101, 0.44693, 0.81863, 0.38664, 0.83409, 0.44599, 0.84428, 0.51852, 0.79158, 0.4328, 0.81477, 0.49309, 0.82109, 0.54207, 0.77682, 0.49026, 0.79685, 0.56845, 0.70339, 0.52983, 0.74836, 0.55338, 0.76804, 0.68714 ],
				"triangles": [ 9, 54, 8, 8, 54, 52, 56, 53, 54, 52, 54, 53, 56, 55, 53, 30, 31, 55, 30, 55, 28, 55, 31, 53, 53, 31, 50, 28, 29, 30, 7, 8, 52, 7, 49, 6, 7, 52, 49, 52, 53, 51, 52, 51, 49, 51, 48, 49, 49, 46, 6, 49, 48, 46, 6, 46, 5, 48, 51, 50, 51, 53, 50, 4, 5, 43, 43, 5, 46, 43, 46, 45, 50, 47, 48, 46, 48, 45, 48, 47, 45, 31, 32, 50, 50, 32, 47, 47, 32, 33, 4, 43, 3, 3, 43, 42, 33, 34, 47, 47, 34, 45, 34, 44, 45, 43, 45, 42, 45, 44, 42, 3, 42, 2, 34, 35, 44, 2, 42, 41, 42, 44, 41, 44, 35, 41, 2, 41, 1, 35, 36, 41, 1, 37, 0, 0, 37, 38, 36, 37, 41, 37, 1, 41, 0, 38, 40, 38, 39, 40, 15, 16, 14, 14, 16, 17, 57, 18, 25, 18, 14, 17, 57, 14, 18, 13, 14, 12, 18, 19, 24, 24, 19, 22, 57, 25, 56, 25, 26, 56, 26, 55, 56, 18, 24, 25, 24, 22, 23, 11, 12, 10, 10, 12, 57, 57, 12, 14, 19, 20, 22, 57, 54, 10, 57, 56, 54, 10, 54, 9, 26, 27, 55, 20, 21, 22, 27, 28, 55 ],
				"vertices": [ 1, 28, 44.22, 4.7, 1, 2, 28, 54.05, 3.77, 0.46087, 29, -1.61, 4.34, 0.53913, 2, 28, 57.85, 1.12, 0.1449, 29, 2.45, 6.57, 0.8551, 1, 29, 7.94, 9.01, 1, 1, 29, 12.8, 10.7, 1, 1, 29, 19.95, 12.41, 1, 1, 29, 24.02, 12.35, 1, 2, 29, 36, 9.76, 0.82581, 33, -6.81, 9.76, 0.17419, 2, 29, 40.24, 9.08, 0.42868, 33, -2.57, 9.08, 0.57132, 3, 30, -17.56, -5.66, 0.81964, 29, 44.94, 11.17, 0.07732, 33, 2.12, 11.17, 0.10305, 1, 30, -16.98, -4.69, 1, 1, 30, -26.64, -4.6, 1, 1, 30, -27.79, 1.33, 1, 1, 30, -25.86, 6.3, 1, 1, 30, -15.57, 5.83, 1, 1, 30, -16.2, 15.64, 1, 1, 30, 4.26, 19.24, 1, 1, 30, 24.54, 20.34, 1, 1, 30, 25.58, 8.89, 1, 1, 30, 124, 11.06, 1, 1, 30, 131.71, -6.33, 1, 1, 30, 132.27, -16.65, 1, 1, 30, 67.63, -18.5, 1, 1, 30, 29.23, -13.88, 1, 1, 30, 25.82, -9.36, 1, 1, 30, 13.44, -8.17, 1, 1, 30, 12.12, -10.25, 1, 2, 30, 10.77, -14.4, 0.62054, 33, 20.38, -12.19, 0.37946, 2, 30, 7.61, -17.8, 0.45083, 33, 15.84, -13.18, 0.54917, 2, 30, 4.15, -22.59, 0.23707, 33, 10.26, -15.13, 0.76293, 2, 30, -1.71, -21.78, 0.17221, 33, 5.92, -11.11, 0.82779, 2, 30, -7.58, -20.46, 0.08782, 33, 1.86, -6.68, 0.91218, 3, 30, -10.67, -22.61, 0.01071, 29, 40.91, -6.68, 0.83307, 33, -1.91, -6.68, 0.15622, 2, 29, 37.92, -7.54, 0.88992, 33, -4.9, -7.54, 0.11008, 2, 29, 35.06, -8.05, 0.91246, 33, -7.76, -8.05, 0.08754, 1, 29, 26.5, -10.93, 1, 1, 29, 22.49, -11.74, 1, 2, 28, 45.32, -19.75, 0.00904, 29, 15.6, -13.91, 0.99096, 2, 28, 40.49, -15.06, 0.19885, 29, 9.25, -16.17, 0.80115, 2, 28, 37.63, -10.45, 0.44378, 29, 3.85, -16.69, 0.55622, 1, 28, 38.45, -1.87, 1, 1, 29, 16.95, -6.81, 1, 1, 29, 15.33, 1.13, 1, 1, 29, 17.05, 7.42, 1, 1, 29, 22.97, -4.16, 1, 1, 29, 22.32, 1.51, 1, 1, 29, 23.86, 7.24, 1, 2, 29, 33.01, -3.11, 0.89359, 33, -9.81, -3.11, 0.10641, 2, 29, 32.75, 1.8, 0.88986, 33, -10.07, 1.8, 0.11014, 3, 30, -24.27, -15.51, 0.00662, 29, 33.8, 6.92, 0.89038, 33, -9.01, 6.92, 0.10299, 3, 30, -14.28, -20.82, 0.02515, 29, 38.97, -3.15, 0.79263, 33, -3.85, -3.15, 0.18222, 3, 30, -18.7, -16.99, 0.04973, 29, 37.53, 2.53, 0.77605, 33, -5.29, 2.53, 0.17422, 2, 29, 38.32, 5.99, 0.73757, 33, -4.5, 5.99, 0.26243, 2, 30, -11.65, -16.83, 0.12242, 33, 0.58, -1.37, 0.87758, 3, 30, -15.63, -11.65, 0.03592, 29, 43.09, 5.15, 0.27073, 33, 0.28, 5.15, 0.69335, 2, 30, 1.79, -13.41, 0.68585, 33, 13.58, -6.25, 0.31415, 2, 30, -6.61, -12.22, 0.42618, 33, 7.36, -0.47, 0.57382, 1, 30, -10.72, -3.23, 1 ],
				"hull": 41
			}
		},
		"head": {
			"head": {
				"type": "mesh",
				"uvs": [ 0.86806, 0.22731, 0.88063, 0.37143, 1, 0.44922, 1, 0.8127, 0.70323, 1, 0.44761, 1, 0.14311, 0.74, 0.07606, 0.73108, 0, 0.57548, 0, 0.27833, 0.23949, 0, 0.67949, 0 ],
				"triangles": [ 6, 8, 9, 6, 7, 8, 9, 10, 6, 1, 2, 3, 6, 10, 1, 11, 1, 10, 0, 1, 11, 4, 5, 1, 5, 6, 1, 3, 4, 1 ],
				"vertices": [ 41.03, -30.88, 31.13, -32.06, 26.05, -39.78, 0.99, -40.75, -12.64, -22.56, -13.26, -6.47, 3.92, 13.39, 4.38, 17.64, 14.92, 22.84, 35.41, 23.63, 55.18, 9.29, 56.25, -18.41 ],
				"hull": 12
			}
		},
		"head_shadow": {
			"head_shadow": {
				"type": "mesh",
				"uvs": [ 0.63723, 0.06025, 0.76789, 0.17335, 0.87735, 0.28425, 1, 0.43358, 1, 0.69821, 1, 1, 0.83662, 1, 0.65844, 0.91562, 0.5159, 0.84424, 0.37674, 0.74762, 0.26814, 0.68174, 0.14765, 0.58401, 0.07978, 0.46872, 0.02802, 0.32817, 0, 0.17884, 0.07214, 0.0855, 0.11372, 0, 0.2919, 0, 0.52268, 0, 0.16123, 0.17005, 0.28002, 0.24472, 0.38014, 0.32268, 0.50656, 0.40833, 0.63808, 0.50276, 0.75093, 0.5917, 0.86292, 0.70809 ],
				"triangles": [ 4, 25, 3, 7, 8, 24, 25, 7, 24, 6, 7, 25, 25, 4, 5, 6, 25, 5, 19, 16, 17, 15, 16, 19, 14, 15, 19, 20, 19, 17, 18, 20, 17, 21, 18, 0, 21, 20, 18, 13, 14, 19, 22, 21, 0, 22, 0, 1, 20, 12, 13, 20, 13, 19, 23, 22, 1, 23, 1, 2, 24, 23, 2, 21, 11, 12, 21, 12, 20, 3, 24, 2, 10, 11, 21, 10, 21, 22, 25, 24, 3, 9, 10, 22, 9, 22, 23, 8, 9, 23, 8, 23, 24 ],
				"vertices": [ 2, 22, 85.47, -24.03, 0.74729, 31, 16.33, -23.2, 0.25271, 2, 22, 79.91, -32.79, 0.74105, 31, 10.9, -32.04, 0.25895, 2, 22, 74.43, -40.15, 0.72541, 31, 5.53, -39.48, 0.27459, 2, 22, 67.02, -48.43, 0.65759, 31, -1.77, -47.86, 0.34241, 2, 22, 53.53, -48.75, 0.40842, 31, -15.26, -48.38, 0.59158, 2, 22, 38.14, -49.13, 0.25753, 31, -30.64, -48.97, 0.74247, 2, 22, 37.88, -38.35, 0.2708, 31, -31.05, -38.2, 0.7292, 2, 22, 41.89, -26.49, 0.36408, 31, -27.21, -26.28, 0.63592, 2, 22, 45.88, -17.88, 0.46367, 31, -23.34, -17.61, 0.53633, 2, 22, 50, -7.69, 0.48238, 31, -19.36, -7.37, 0.51762, 2, 22, 53.19, -0.45, 0.48618, 31, -16.28, -0.08, 0.51382, 2, 22, 57.86, 7.85, 0.47489, 31, -11.73, 8.28, 0.52511, 2, 22, 63.75, 12.25, 0.45858, 31, -5.9, 12.76, 0.54142, 2, 22, 70.83, 15.84, 0.46557, 31, 1.13, 16.45, 0.53443, 2, 22, 78.4, 17.87, 0.53162, 31, 8.67, 18.59, 0.46838, 2, 22, 83.27, 13.23, 0.62528, 31, 13.61, 14.02, 0.37472, 2, 22, 87.7, 10.59, 0.70459, 31, 18.07, 11.45, 0.29541, 2, 22, 87.99, -1.17, 0.74139, 31, 18.52, -0.31, 0.25861, 2, 22, 88.36, -16.39, 0.75071, 31, 19.11, -15.53, 0.24929, 2, 22, 79.11, 7.24, 0.61676, 31, 9.52, 7.98, 0.38324, 2, 22, 75.49, -0.69, 0.63022, 31, 6.02, 0, 0.36978, 2, 22, 71.68, -7.39, 0.60598, 31, 2.3, -6.76, 0.39402, 2, 22, 67.62, -16, 0.60164, 31, -1.63, -15.42, 0.39836, 2, 22, 62.97, -24.73, 0.57579, 31, -6.15, -24.22, 0.42421, 2, 22, 58.58, -32.23, 0.5074, 31, -10.43, -31.78, 0.4926, 2, 22, 52.82, -39.75, 0.41193, 31, -16.09, -39.38, 0.58807 ],
				"hull": 19
			}
		},
		"hitlight_1": {
			"hitlight_1": { "x": 28.66, "y": -4.7, "width": 111, "height": 129 }
		},
		"hitlight_2": {
			"hitlight_2": { "x": 41.71, "y": 3.47, "width": 110, "height": 106 }
		},
		"hitlight_3": {
			"hitlight_3": { "x": 35.72, "y": 4.41, "width": 95, "height": 93 }
		},
		"hitlight_4": {
			"hitlight_4": { "x": 23.49, "y": 5.46, "width": 65, "height": 87 }
		},
		"landbg": {
			"landbg": { "x": -41.07, "y": -553.46, "width": 15, "height": 58 }
		},
		"landbg10": {
			"landbg": { "x": 89.43, "y": -553.46, "width": 15, "height": 58 }
		},
		"landbg11": {
			"landbg": { "x": 103.93, "y": -553.46, "width": 15, "height": 58 }
		},
		"landbg12": {
			"landbg": { "x": 118.43, "y": -553.46, "width": 15, "height": 58 }
		},
		"landbg13": {
			"landbg": { "x": 132.93, "y": -553.46, "width": 15, "height": 58 }
		},
		"landbg14": {
			"landbg": { "x": 147.43, "y": -553.46, "width": 15, "height": 58 }
		},
		"landbg15": {
			"landbg": { "x": 161.93, "y": -553.46, "width": 15, "height": 58 }
		},
		"landbg16": {
			"landbg": { "x": 175.93, "y": -553.46, "width": 15, "height": 58 }
		},
		"landbg17": {
			"landbg": { "x": 190.43, "y": -553.46, "width": 15, "height": 58 }
		},
		"landbg18": {
			"landbg": { "x": 204.93, "y": -553.46, "width": 15, "height": 58 }
		},
		"landbg19": {
			"landbg": { "x": 219.42, "y": -553.46, "width": 15, "height": 58 }
		},
		"landbg2": {
			"landbg": { "x": -26.57, "y": -553.46, "width": 15, "height": 58 }
		},
		"landbg20": {
			"landbg": { "x": 233.93, "y": -553.46, "width": 15, "height": 58 }
		},
		"landbg21": {
			"landbg": { "x": 248.43, "y": -553.46, "width": 15, "height": 58 }
		},
		"landbg22": {
			"landbg": { "x": 262.93, "y": -553.46, "width": 15, "height": 58 }
		},
		"landbg23": {
			"landbg": { "x": 277.43, "y": -553.46, "width": 15, "height": 58 }
		},
		"landbg24": {
			"landbg": { "x": 291.93, "y": -553.46, "width": 15, "height": 58 }
		},
		"landbg25": {
			"landbg": { "x": 306.43, "y": -553.46, "width": 15, "height": 58 }
		},
		"landbg26": {
			"landbg": { "x": 320.93, "y": -553.46, "width": 15, "height": 58 }
		},
		"landbg27": {
			"landbg": { "x": 335.43, "y": -553.46, "width": 15, "height": 58 }
		},
		"landbg28": {
			"landbg": { "x": 350.4, "y": -553.46, "width": 15, "height": 58 }
		},
		"landbg29": {
			"landbg": { "x": 364.93, "y": -553.46, "width": 15, "height": 58 }
		},
		"landbg3": {
			"landbg": { "x": -12.07, "y": -553.46, "width": 15, "height": 58 }
		},
		"landbg30": {
			"landbg_2": { "x": 469.43, "y": -553.46, "scaleX": 13, "width": 15, "height": 58 }
		},
		"landbg4": {
			"landbg": { "x": 2.43, "y": -553.46, "width": 15, "height": 58 }
		},
		"landbg5": {
			"landbg": { "x": 16.93, "y": -553.46, "width": 15, "height": 58 }
		},
		"landbg6": {
			"landbg": { "x": 31.43, "y": -553.46, "width": 15, "height": 58 }
		},
		"landbg7": {
			"landbg": { "x": 45.93, "y": -553.46, "width": 15, "height": 58 }
		},
		"landbg8": {
			"landbg": { "x": 60.43, "y": -553.46, "width": 15, "height": 58 }
		},
		"landbg9": {
			"landbg": { "x": 74.93, "y": -553.46, "width": 15, "height": 58 }
		},
		"landbg_back": {
			"landbg": { "x": 235.87, "y": -553.46, "scaleX": 20, "width": 15, "height": 58 }
		},
		"landbg_back2": {
			"landbg": { "x": 30.07, "y": -553.46, "scaleX": 20, "width": 15, "height": 58 }
		},
		"landbg_side": {
			"land_side": {
				"type": "mesh",
				"uvs": [ 1, 1, 0, 1, 0, 0, 0.88565, 0, 1, 0 ],
				"triangles": [ 1, 2, 3, 3, 4, 0, 1, 3, 0 ],
				"vertices": [ 401.43, -524.96, -119.88, -524.96, -119.88, -522.96, 349.97, -522.96, 401.43, -524.47 ],
				"hull": 5
			}
		},
		"landbg_side2": {
			"land_side": {
				"type": "mesh",
				"uvs": [ 1, 1, 0, 1, 0, 0, 0.09984, 0, 1, 0 ],
				"triangles": [ 1, 2, 3, 3, 4, 0, 1, 3, 0 ],
				"vertices": [ -119.8, -581.96, 401.43, -581.96, 401.43, -582.46, 356.5, -583.96, -119.8, -583.96 ],
				"hull": 5
			}
		},
		"landline_blue": {
			"landline_blue": { "x": -7.43, "y": 1.01, "scaleX": 22, "width": 10, "height": 5 }
		},
		"landline_blue2": {
			"landline_blue": { "x": 2.34, "y": 1.01, "scaleX": 19.7, "scaleY": 0.4, "width": 10, "height": 5 }
		},
		"landline_white": {
			"landline_white_2": { "x": 196.19, "y": -14.95, "scaleX": 130, "width": 11, "height": 4 }
		},
		"landline_white2": {
			"landline_white_2": { "x": 225.57, "y": 88.05, "scaleX": 120, "scaleY": 0.5, "width": 11, "height": 4 }
		},
		"landline_white3": {
			"landline_white": { "x": -3.22, "y": 38.95, "scaleX": 13.9, "width": 11, "height": 4 }
		},
		"landline_white4": {
			"landline_white": { "x": -3.22, "y": 24.25, "scaleX": 12, "width": 11, "height": 4 }
		},
		"shadow_left": {
			"shadow": { "x": 15.76, "y": -0.2, "scaleX": 3, "scaleY": 3, "width": 89, "height": 40 }
		},
		"shadow_right": {
			"shadow": { "x": 15.88, "y": -4.33, "scaleX": 3, "scaleY": 3, "width": 89, "height": 40 }
		},
		"shouder": {
			"shouder": {
				"type": "mesh",
				"uvs": [ 0.81241, 0.05521, 0.92683, 0.12308, 1, 0.22619, 1, 0.31384, 1, 0.38751, 1, 0.50599, 1, 0.70079, 0.99999, 0.83859, 0.99999, 0.94994, 0.89123, 0.98562, 0.60783, 1, 0.32296, 0.98169, 0.1573, 0.84315, 0.08466, 0.69537, 0, 0.57086, 0, 0.40324, 0.27198, 0.30003, 0.48532, 0.21121, 0.56278, 0.15198, 0.59314, 0.09553, 0.5771, 0, 0.66221, 0 ],
				"triangles": [ 8, 11, 7, 8, 10, 11, 9, 10, 8, 16, 17, 3, 17, 2, 3, 16, 3, 4, 15, 16, 4, 15, 4, 5, 14, 15, 5, 13, 14, 5, 13, 5, 6, 6, 12, 13, 7, 12, 6, 7, 11, 12, 19, 20, 21, 19, 21, 0, 18, 19, 0, 18, 0, 1, 18, 1, 2, 17, 18, 2 ],
				"vertices": [ 2, 27, 35.35, 7.65, 0.9998, 28, -7.96, 2, 2.0E-4, 1, 27, 39.71, 4.31, 1, 2, 27, 43.77, -1.62, 0.45966, 28, 3.74, 6.47, 0.54034, 2, 27, 45.62, -7.19, 0.06851, 28, 9.61, 6.17, 0.93149, 2, 27, 47.17, -11.88, 0.0035, 28, 14.54, 5.91, 0.9965, 1, 28, 22.47, 5.5, 1, 1, 28, 35.5, 4.83, 1, 2, 28, 44.72, 4.35, 0.88237, 29, -6.28, -3.77, 0.11763, 1, 29, -2.63, 2.74, 1, 1, 29, 1.1, 3.39, 1, 1, 29, 8.25, 0.48, 1, 2, 28, 53.35, -14.4, 0.21326, 29, 14.36, -4.35, 0.78674, 2, 28, 43.85, -18.38, 0.63926, 29, 13.72, -14.63, 0.36074, 2, 28, 33.86, -19.83, 0.9008, 29, 10.59, -24.23, 0.0992, 3, 28, 25.41, -21.69, 0.95336, 29, 8.5, -32.62, 0.02155, 22, 33.73, -28.18, 0.02509, 3, 28, 14.2, -21.11, 0.83102, 29, 3.01, -42.42, 6.2E-4, 22, 44.93, -27.42, 0.16836, 3, 27, 26.67, -12.51, 0.0079, 28, 7.67, -13.42, 0.82433, 22, 52.33, -34.28, 0.16776, 3, 27, 30.26, -5.05, 0.24591, 28, 2.02, -7.36, 0.66161, 22, 58.65, -39.63, 0.09249, 2, 27, 31, -0.62, 0.95731, 28, -1.83, -5.06, 0.04269, 3, 27, 30.58, 3.22, 0.98108, 28, -5.57, -4.05, 4.9E-4, 22, 66.58, -42.01, 0.01843, 2, 27, 28.15, 9.16, 0.99943, 28, -11.98, -4.15, 5.7E-4, 2, 27, 30.33, 9.89, 0.99945, 28, -11.86, -1.86, 5.5E-4 ],
				"hull": 22
			}
		},
		"shoulder_right": {
			"shoulder_right": {
				"type": "mesh",
				"uvs": [ 0.86702, 0.06331, 0.9515, 0.16736, 1, 0.27344, 1, 0.37682, 1, 0.47073, 0.89116, 0.58695, 0.8584, 0.73492, 0.78081, 0.85046, 0.70552, 0.90312, 0.64461, 0.94573, 0.44634, 1, 0.23599, 0.97816, 0.08944, 0.91937, 0, 0.82748, 0, 0.72748, 0.03945, 0.60114, 0.08772, 0.45452, 0.16703, 0.29844, 0.23427, 0.19168, 0.33944, 0.11736, 0.48599, 0.0552, 0.69288, 0, 0.78943, 0, 0.39728, 0.93399, 0.38223, 0.86846, 0.39931, 0.79037, 0.4399, 0.66656, 0.49954, 0.5224, 0.57733, 0.38331, 0.64541, 0.23558, 0.66954, 0.14433, 0.69443, 0.05963 ],
				"triangles": [ 11, 23, 10, 10, 23, 9, 11, 12, 23, 8, 9, 24, 12, 24, 23, 9, 23, 24, 24, 25, 8, 8, 25, 7, 12, 13, 24, 24, 13, 25, 25, 26, 7, 7, 26, 6, 13, 14, 25, 14, 15, 25, 25, 15, 26, 26, 27, 6, 6, 27, 5, 15, 16, 26, 26, 16, 27, 27, 28, 5, 5, 28, 4, 16, 17, 27, 27, 17, 28, 4, 28, 3, 28, 29, 3, 17, 18, 28, 28, 18, 29, 29, 2, 3, 18, 19, 29, 2, 29, 1, 29, 30, 1, 29, 19, 30, 1, 30, 0, 30, 31, 0, 19, 20, 30, 30, 20, 31, 31, 22, 0, 20, 21, 31, 31, 21, 22 ],
				"vertices": [ 1, 24, 24.5, -4.18, 1, 2, 24, 25.21, 3.87, 0.90147, 25, -3.07, 10.55, 0.09853, 2, 24, 26.94, 11.65, 0.37105, 25, 4.4, 13.32, 0.62895, 2, 24, 29.89, 18.71, 0.2598, 25, 11.93, 14.68, 0.7402, 2, 24, 32.57, 25.12, 0.14819, 25, 18.77, 15.91, 0.85181, 1, 25, 27.8, 14.32, 1, 1, 25, 38.74, 15.33, 1, 2, 25, 47.55, 14.63, 0.30123, 26, 11.07, 9.6, 0.69877, 2, 25, 51.78, 13.17, 0.16009, 26, 11.74, 5.19, 0.83991, 2, 25, 55.19, 11.99, 0.12276, 26, 12.28, 1.61, 0.87724, 1, 26, 10.21, -5.09, 1, 1, 26, 4.41, -7.56, 1, 2, 25, 56.12, -4.2, 0.72336, 26, -1.62, -6.73, 0.27664, 2, 25, 49.89, -7.96, 0.80115, 26, -7.84, -2.96, 0.19885, 2, 25, 42.61, -9.27, 0.88691, 26, -12.39, 2.88, 0.11309, 2, 25, 33.2, -9.8, 0.98109, 26, -17.23, 10.96, 0.01891, 1, 25, 22.27, -10.34, 1, 1, 25, 10.5, -10.12, 1, 2, 24, 45.09, -2.49, 0.36391, 25, 2.38, -9.6, 0.63609, 2, 24, 40.16, -6.39, 0.76672, 25, -3.57, -7.57, 0.23328, 2, 24, 34.46, -9, 0.77773, 25, -8.85, -4.2, 0.22227, 1, 24, 27.35, -10.45, 1, 1, 24, 24.77, -9.37, 1, 2, 25, 55.61, 4.77, 0.32227, 26, 6.09, -2.11, 0.67773, 2, 25, 50.91, 3.49, 0.36711, 26, 2.77, 1.45, 0.63289, 2, 25, 45.14, 2.95, 0.53452, 26, -0.39, 6.32, 0.46548, 2, 25, 35.91, 2.49, 0.99034, 26, -5.09, 14.27, 0.00966, 1, 25, 25.1, 2.3, 1, 2, 24, 41.38, 14.43, 0.073, 25, 14.58, 2.7, 0.927, 2, 24, 35.35, 5.1, 0.36774, 25, 3.47, 2.71, 0.63226, 2, 24, 32.1, -0.86, 0.83939, 25, -3.3, 2.2, 0.16061, 2, 24, 29.01, -6.36, 0.89933, 25, -9.6, 1.8, 0.10067 ],
				"hull": 23
			}
		},
		"t_shirt": {
			"t_shirt": {
				"type": "mesh",
				"uvs": [ 0.73262, 0.03121, 0.77885, 0.06146, 0.84394, 0.09089, 0.9029, 0.11508, 0.9713, 0.13887, 1, 0.16266, 0.98309, 0.26146, 0.9497, 0.32783, 0.92187, 0.37581, 0.89168, 0.44718, 0.87848, 0.51008, 0.86197, 0.58871, 0.8398, 0.6383, 0.8431, 0.68387, 0.86149, 0.75685, 0.8931, 0.82983, 0.92677, 0.8771, 0.93674, 0.94939, 0.87724, 0.9588, 0.80011, 0.9435, 0.7154, 0.93349, 0.62725, 0.94408, 0.54599, 0.97234, 0.46128, 1, 0.37588, 1, 0.26695, 1, 0.06939, 0.97151, 0, 0.9554, 0.01633, 0.85275, 0.04914, 0.78114, 0.1043, 0.68566, 0.12454, 0.5854, 0.15247, 0.47917, 0.17832, 0.39335, 0.15808, 0.31398, 0.14272, 0.23938, 0.14342, 0.17374, 0.1867, 0.13912, 0.23766, 0.1242, 0.28653, 0.09974, 0.34098, 0.08183, 0.40241, 0.05617, 0.44151, 0, 0.69677, 0, 0.15526, 0.98345, 0.08841, 0.87429, 0.17486, 0.88894, 0.27771, 0.90614, 0.38056, 0.91187, 0.45807, 0.90933, 0.53856, 0.89404, 0.61756, 0.87301, 0.71072, 0.86282, 0.81506, 0.87429, 0.50204, 0.80166, 0.54079, 0.69399, 0.56166, 0.5895, 0.57731, 0.48056, 0.58775, 0.37353, 0.59445, 0.27606, 0.59818, 0.14991, 0.59371, 0.05944, 0.26355, 0.50605, 0.40441, 0.51496, 0.51098, 0.50159, 0.66078, 0.49522, 0.77854, 0.51369, 0.2248, 0.69144, 0.38801, 0.70036, 0.66973, 0.6908, 0.78375, 0.68953, 0.67569, 0.59396, 0.78226, 0.60225, 0.2479, 0.59715, 0.39919, 0.60097, 0.19126, 0.79847, 0.36044, 0.80102, 0.64066, 0.78509, 0.76587, 0.7749, 0.53856, 0.13844, 0.47223, 0.10149, 0.66898, 0.13781, 0.73009, 0.10786, 0.27324, 0.29262, 0.3977, 0.2716, 0.50129, 0.25885, 0.65929, 0.26268, 0.79568, 0.27032, 0.91492, 0.28943, 0.28144, 0.39901, 0.40143, 0.39328, 0.50278, 0.38245, 0.67569, 0.37672, 0.79344, 0.39201, 0.23523, 0.21681, 0.34628, 0.19387, 0.4767, 0.17348, 0.71593, 0.17858, 0.8322, 0.17922, 0.95144, 0.19451 ],
				"triangles": [ 9, 93, 8, 9, 66, 93, 9, 10, 66, 11, 66, 10, 72, 66, 11, 7, 88, 6, 8, 88, 7, 82, 0, 1, 98, 2, 3, 88, 99, 6, 6, 99, 5, 98, 3, 99, 99, 4, 5, 99, 3, 4, 88, 98, 99, 98, 82, 2, 2, 82, 1, 0, 81, 43, 83, 84, 90, 83, 95, 84, 95, 41, 80, 41, 42, 80, 58, 59, 92, 57, 91, 58, 90, 84, 91, 39, 40, 95, 34, 35, 94, 35, 36, 94, 36, 37, 94, 94, 37, 38, 38, 39, 95, 58, 91, 59, 95, 94, 38, 95, 40, 41, 34, 94, 83, 83, 94, 95, 49, 50, 22, 22, 50, 21, 19, 53, 18, 18, 16, 17, 18, 53, 16, 50, 51, 21, 21, 51, 20, 19, 20, 53, 51, 52, 20, 20, 52, 53, 49, 54, 50, 50, 54, 51, 53, 15, 16, 52, 78, 53, 53, 14, 15, 53, 78, 14, 51, 77, 52, 51, 54, 77, 78, 70, 14, 52, 77, 78, 77, 69, 78, 24, 48, 23, 48, 49, 23, 23, 49, 22, 25, 47, 24, 24, 47, 48, 26, 44, 25, 44, 46, 25, 25, 46, 47, 26, 45, 44, 44, 45, 46, 26, 27, 45, 27, 28, 45, 49, 48, 76, 48, 47, 76, 49, 76, 54, 46, 75, 47, 47, 75, 76, 46, 45, 75, 28, 29, 45, 45, 29, 75, 75, 67, 76, 29, 30, 75, 61, 42, 43, 89, 90, 63, 75, 30, 67, 87, 98, 88, 97, 82, 98, 87, 97, 98, 86, 81, 97, 81, 60, 61, 86, 60, 81, 76, 67, 68, 67, 31, 73, 33, 83, 89, 69, 72, 70, 70, 72, 12, 89, 83, 90, 68, 73, 74, 12, 72, 11, 54, 68, 55, 68, 74, 55, 55, 74, 56, 64, 56, 74, 55, 56, 69, 64, 74, 63, 69, 56, 71, 71, 66, 72, 73, 62, 74, 74, 62, 63, 56, 65, 71, 71, 65, 66, 56, 57, 65, 56, 64, 57, 62, 89, 63, 63, 90, 64, 66, 65, 93, 90, 91, 64, 64, 91, 57, 57, 58, 65, 65, 92, 93, 65, 58, 92, 84, 85, 91, 59, 86, 92, 92, 86, 87, 59, 91, 85, 86, 59, 60, 84, 96, 85, 59, 85, 60, 85, 79, 60, 85, 96, 79, 96, 80, 79, 60, 79, 61, 79, 80, 61, 80, 42, 61, 69, 71, 72, 93, 92, 87, 32, 33, 62, 62, 33, 89, 73, 32, 62, 31, 32, 73, 93, 88, 8, 67, 73, 68, 77, 55, 69, 70, 12, 13, 93, 87, 88, 30, 31, 67, 33, 34, 83, 76, 68, 54, 54, 55, 77, 78, 69, 70, 70, 13, 14, 86, 97, 87, 84, 95, 96, 81, 61, 43, 95, 80, 96, 97, 81, 82, 0, 82, 81 ],
				"vertices": [ 3, 22, 84.56, -19.65, 0.36725, 24, -33.83, -2.36, 0.0384, 27, 4.43, 15.03, 0.59435, 2, 22, 80.93, -24.64, 0.38911, 27, 10.17, 12.77, 0.61089, 2, 22, 77.45, -31.62, 0.12672, 27, 17.81, 11.15, 0.87328, 1, 27, 24.64, 9.97, 1, 1, 27, 32.42, 9.12, 1, 1, 27, 36.16, 7.12, 1, 4, 22, 56.67, -46.88, 0.16433, 20, -29.08, 67.67, 0.00117, 27, 37.79, -5.15, 0.54911, 28, 4.86, -0.38, 0.28539, 4, 22, 48.36, -43.55, 0.30003, 20, -23.95, 60.33, 0.00309, 27, 36.64, -14.04, 0.16668, 28, 12.72, -4.69, 0.5302, 5, 22, 42.34, -40.74, 0.31335, 24, -35.85, 44.81, 0.09145, 27, 35.43, -20.57, 0.005, 28, 18.36, -8.19, 0.35457, 42, 12.39, -5.07, 0.23563, 1, 42, 3.46, -2.08, 1, 1, 42, -4.37, -0.87, 1, 3, 22, 15.79, -35.04, 0.34636, 24, -19.81, 66.71, 0.05361, 42, -14.16, 0.64, 0.60003, 5, 22, 9.58, -32.84, 0.65131, 20, 2.65, 30.15, 0.00118, 24, -15.27, 71.48, 0.10181, 27, 35.98, -54.26, 1.5E-4, 42, -20.37, 2.84, 0.24554, 4, 22, 3.94, -33.33, 0.60459, 20, 7.63, 27.48, 0.26535, 24, -13.41, 76.83, 0.11734, 27, 37.86, -59.59, 0.01272, 4, 22, -5.06, -35.5, 0.22279, 20, 16.35, 24.37, 0.65677, 24, -11.72, 85.93, 0.11361, 27, 42.22, -67.76, 0.00683, 4, 22, -14.02, -39.06, 0.09783, 20, 25.81, 22.45, 0.81162, 24, -11.32, 95.57, 0.08934, 27, 47.92, -75.55, 0.00121, 3, 22, -23.42, -42.94, 0.04619, 20, 35.8, 20.55, 0.9538, 27, 54.03, -83.68, 1.0E-5, 2, 22, -29.71, -42.73, 0.0103, 20, 40.95, 16.93, 0.9897, 2, 22, -30.05, -37.77, 0.0059, 20, 38.52, 12.6, 0.9941, 2, 22, -28.35, -29.55, 0.00581, 20, 32.6, 6.65, 0.99419, 3, 22, -27.33, -20.55, 0.00333, 18, 12.94, 45.48, 1.9E-4, 20, 26.82, -0.33, 0.99648, 3, 22, -28.87, -11.24, 0.0084, 18, 16.22, 36.63, 0.09669, 20, 23.02, -8.97, 0.89491, 3, 22, -32.58, -2.71, 0.01171, 18, 21.48, 28.97, 0.35264, 20, 21.46, -18.13, 0.63565, 3, 22, -36.23, 6.18, 0.00871, 18, 26.75, 20.93, 0.62387, 20, 19.65, -27.57, 0.36742, 3, 22, -36.45, 15.23, 0.01345, 18, 28.69, 12.09, 0.83666, 20, 14.88, -35.27, 0.14989, 3, 22, -36.73, 26.77, 0.01974, 18, 31.16, 0.81, 0.97822, 20, 8.8, -45.09, 0.00204, 3, 22, -33.71, 47.79, 0.02753, 18, 32.18, -20.41, 0.97242, 20, -5.23, -61.03, 5.0E-5, 3, 22, -31.89, 55.2, 0.02249, 18, 31.8, -28.02, 0.97746, 20, -10.8, -66.23, 5.0E-5, 3, 22, -19.13, 53.78, 0.11451, 18, 19, -29.05, 0.88546, 20, -20.71, -58.05, 3.0E-5, 3, 22, -10.16, 50.51, 0.25823, 18, 9.58, -27.55, 0.74175, 20, -26.43, -50.42, 2.0E-5, 3, 22, 1.81, 44.96, 0.62282, 18, -3.24, -24.37, 0.37718, 20, -33.42, -39.22, 0, 4, 22, 14.3, 43.12, 0.88782, 18, -15.84, -24.93, 0.01152, 20, -42.86, -30.85, 0, 24, 52.15, 36.18, 0.10067, 3, 22, 27.54, 40.48, 0.77719, 24, 44.34, 25.17, 0.20228, 25, 25.2, 6.05, 0.02053, 4, 22, 38.24, 38, 0.61259, 18, -40.32, -24.45, 0.01564, 24, 37.7, 16.41, 0.35352, 25, 14.24, 6.87, 0.01825, 3, 22, 48.03, 40.38, 0.41302, 18, -49.48, -28.65, 0.01827, 24, 35.89, 6.5, 0.56871, 3, 22, 57.24, 42.23, 0.17589, 18, -58.17, -32.22, 1.2E-4, 24, 33.82, -2.66, 0.82399, 2, 22, 62.54, 42.63, 0.08352, 24, 32.02, -7.66, 0.91648, 1, 24, 25.1, -11.55, 1, 1, 24, 19.03, -11.95, 1, 1, 24, 13.08, -12.76, 1, 2, 22, 77.28, 21.7, 0.02845, 24, 6.9, -12.58, 0.97155, 3, 22, 80.62, 15.27, 0.33717, 24, -0.34, -13, 0.65521, 27, -28.38, 2.47, 0.00762, 3, 22, 87.68, 11.3, 0.43975, 24, -6.85, -17.83, 0.50924, 27, -26.3, 10.3, 0.051, 3, 22, 88.34, -15.75, 0.34131, 24, -31.81, -7.39, 0.13436, 27, -0.28, 17.71, 0.52433, 3, 22, -34.97, 38.66, 0.03107, 18, 31.68, -11.2, 0.96888, 20, 0.82, -54.07, 5.0E-5, 3, 22, -21.61, 46.07, 0.11704, 18, 19.97, -21.01, 0.88293, 20, -14.42, -52.97, 3.0E-5, 3, 22, -23.2, 36.87, 0.1168, 18, 19.79, -11.67, 0.88318, 20, -8.05, -46.13, 2.0E-5, 2, 22, -25.07, 25.92, 0.098, 18, 19.54, -0.57, 0.902, 3, 22, -25.51, 15, 0.09025, 18, 17.91, 10.23, 0.76847, 20, 5.85, -29.09, 0.14128, 3, 22, -25, 6.79, 0.09995, 18, 15.84, 18.19, 0.53294, 20, 9.91, -21.94, 0.36711, 3, 22, -22.9, -1.69, 0.09059, 18, 12.16, 26.12, 0.25735, 20, 12.79, -13.69, 0.65206, 3, 22, -20.09, -10, 0.05998, 18, 7.83, 33.74, 0.05141, 20, 14.98, -5.2, 0.88861, 3, 22, -18.58, -19.84, 0.04758, 20, 19.11, 3.86, 0.95226, 27, 30.45, -84.78, 1.6E-4, 3, 22, -19.73, -30.93, 0.05223, 20, 26.14, 12.51, 0.94739, 27, 41.47, -83.12, 3.8E-4, 4, 22, -11.54, 2.46, 0.40034, 18, 1.8, 19.89, 0.17923, 20, 1.01, -10.95, 0.33775, 24, 25.58, 76.36, 0.08268, 1, 22, 1.91, -1.32, 1, 2, 22, 14.92, -3.22, 0.80359, 24, 9.6, 54.52, 0.19641, 3, 22, 28.46, -4.55, 0.49273, 24, 2.86, 42.7, 0.33937, 34, -2.4, 0.89, 0.16791, 3, 22, 41.76, -5.33, 0.39715, 24, -3.28, 30.88, 0.47393, 34, 10.9, 0.11, 0.12892, 3, 22, 53.86, -5.75, 0.57441, 24, -8.6, 20.01, 0.41911, 27, -1.34, -18.18, 0.00648, 3, 22, 69.5, -5.76, 0.69166, 24, -15, 5.73, 0.10915, 27, -5.24, -3.03, 0.1992, 3, 22, 80.71, -5.01, 0.4406, 24, -18.89, -4.81, 0.31905, 27, -8.77, 7.63, 0.24035, 4, 22, 24.49, 28.63, 0.51874, 24, 34.76, 32.79, 0.30398, 34, -6.37, 34.06, 0.14152, 25, 26.4, 18.23, 0.03577, 3, 22, 23.75, 13.67, 0.39497, 24, 21.41, 39.57, 0.41959, 34, -7.11, 19.11, 0.18544, 3, 22, 25.68, 2.42, 0.61074, 24, 10.35, 42.39, 0.15714, 34, -5.18, 7.86, 0.23212, 3, 22, 26.86, -13.44, 0.48897, 24, -4.61, 47.79, 0.27859, 34, -4, -8, 0.23244, 4, 22, 24.87, -25.97, 0.18771, 24, -15.24, 54.72, 0.05437, 34, -5.99, -20.53, 0.08881, 42, -5.08, 9.71, 0.66911, 3, 22, 1.41, 32.17, 0.62823, 18, -5.27, -11.74, 0.37177, 20, -26.08, -28.74, 0, 4, 22, 0.73, 14.85, 0.83441, 18, -7.88, 5.4, 0.06364, 20, -16.03, -14.61, 2.8E-4, 24, 31.88, 60.11, 0.10166, 4, 22, 2.64, -14.97, 0.63985, 20, -1.31, 11.4, 0.25441, 24, 3.87, 70.53, 0.10138, 27, 20.43, -65.45, 0.00436, 5, 22, 3.09, -27.05, 0.52956, 20, 4.92, 21.76, 0.26161, 24, -7.34, 75.05, 0.09568, 27, 32.01, -61.99, 0.01058, 42, -26.86, 8.62, 0.10258, 2, 22, 14.66, -15.31, 0.81001, 24, -1.34, 59.7, 0.18999, 3, 22, 13.9, -26.63, 0.62864, 24, -11.37, 65, 0.08143, 42, -16.04, 9.05, 0.28993, 2, 22, 13.16, 30.01, 0.85973, 24, 40.65, 42.57, 0.14027, 2, 22, 13.07, 13.97, 0.78025, 24, 26.04, 49.19, 0.21975, 3, 22, -11.95, 35.4, 0.25149, 18, 8.46, -12.37, 0.7485, 20, -16.67, -38.75, 1.0E-5, 3, 22, -11.82, 17.47, 0.28464, 18, 4.93, 5.21, 0.68122, 20, -6.96, -23.67, 0.03414, 4, 22, -9.13, -12.18, 0.12751, 20, 7, 2.62, 0.79176, 24, 11.23, 80.13, 0.08031, 27, 20.67, -77.54, 4.2E-4, 4, 22, -7.54, -25.42, 0.15949, 20, 12.92, 14.57, 0.74442, 24, -1.51, 84.08, 0.09106, 27, 33.08, -72.69, 0.00504, 3, 22, 70.77, 0.59, 0.66929, 24, -9.72, 1.98, 0.21243, 27, -11.71, -3.39, 0.11828, 3, 22, 75.18, 7.73, 0.57928, 24, -5, -4.96, 0.36828, 27, -19.73, -0.91, 0.05244, 3, 22, 71.19, -13.23, 0.63391, 24, -22.5, 7.24, 0.03877, 27, 1.57, 0.47, 0.32732, 3, 22, 75.06, -19.61, 0.52518, 24, -29.91, 6.31, 0.01116, 27, 6.78, 5.82, 0.46366, 3, 22, 50.97, 28.24, 0.46902, 18, -54.67, -17.29, 0.0034, 24, 23.6, 8.77, 0.52758, 2, 22, 53.9, 15.12, 0.58971, 24, 10.43, 11.45, 0.41029, 2, 22, 55.75, 4.18, 0.58973, 24, -0.31, 14.23, 0.41027, 3, 22, 55.68, -12.58, 0.49445, 24, -15.58, 21.13, 0.46687, 27, 4.82, -14.7, 0.03868, 3, 22, 55.09, -27.05, 0.63098, 24, -28.56, 27.58, 0.27564, 27, 18.98, -11.65, 0.09338, 4, 22, 53.02, -39.75, 0.35259, 20, -29.94, 59.7, 0.00294, 27, 31.79, -10.47, 0.33124, 28, 7.63, -7.91, 0.31323, 4, 22, 37.81, 27.05, 0.51665, 24, 27.89, 21.27, 0.31139, 34, 6.95, 32.49, 0.16095, 25, 13, 17.75, 0.01101, 3, 22, 38.83, 14.36, 0.34647, 24, 15.88, 25.52, 0.48244, 34, 7.97, 19.79, 0.17108, 3, 22, 40.43, 3.65, 0.39333, 24, 5.45, 28.43, 0.47325, 34, 9.57, 9.08, 0.13341, 3, 22, 41.59, -14.66, 0.36263, 24, -11.73, 34.84, 0.47529, 34, 10.73, -9.22, 0.16208, 5, 22, 40, -27.18, 0.42639, 24, -22.52, 41.41, 0.13658, 34, 9.14, -21.75, 0.12714, 28, 19.07, -21.93, 0.01779, 42, 10.05, 8.5, 0.2921, 2, 22, 60.27, 32.5, 0.18054, 24, 23.69, -1.46, 0.81946, 3, 22, 63.4, 20.8, 0.39636, 18, -68.29, -12.35, 0, 24, 11.74, 0.46, 0.60364, 3, 22, 66.27, 7.04, 0.66192, 24, -1.99, 3.46, 0.32798, 27, -16.82, -9.37, 0.0101, 2, 22, 66.25, -18.32, 0.69677, 27, 7.74, -3.03, 0.30323, 2, 22, 66.47, -30.65, 0.32979, 27, 19.61, 0.27, 0.67021, 3, 22, 64.89, -43.33, 0.01908, 27, 32.29, 1.91, 0.97307, 28, -3.72, -2.94, 0.00785 ],
				"hull": 44
			}
		},
		"thigh_left": {
			"thigh_left": {
				"type": "mesh",
				"uvs": [ 0, 0.43027, 0.59561, 0.9967, 0.85045, 1, 1, 0.84792, 1, 0.71006, 0.54116, 0, 0, 0 ],
				"triangles": [ 0, 6, 5, 1, 0, 5, 4, 1, 5, 4, 2, 1, 3, 2, 4 ],
				"vertices": [ 12.89, -30.93, 88.87, -25.32, 99.36, -9.03, 92.03, 8.88, 79.96, 16.36, -0.58, 25.22, -22.24, -9.74 ],
				"hull": 7
			}
		},
		"thigh_right": {
			"thigh_right": {
				"type": "mesh",
				"uvs": [ 1, 0.07425, 1, 0.26278, 0.84099, 0.40159, 0.4666, 1, 0, 0.91523, 0.05929, 0.44983, 0.18066, 0.08093, 0.33597, 0, 0.40283, 0 ],
				"triangles": [ 2, 8, 0, 1, 2, 0, 6, 7, 8, 8, 5, 6, 8, 2, 5, 3, 5, 2, 4, 5, 3 ],
				"vertices": [ -11.23, 27.05, 6.63, 30.96, 22.16, 22.97, 84.58, 9.28, 83.42, -23.89, 38.43, -29.49, 1.66, -28.84, -8.33, -19.89, -9.33, -15.32 ],
				"hull": 9
			}
		},
		"white_light": {
			"white_light": { "x": -0.12, "y": -0.16, "width": 88, "height": 88 }
		}
	}
},
"animations": {
	"hit": {
		"slots": {
			"ball": {
				"color": [
					{ "time": 0, "color": "ffffff00", "curve": "stepped" },
					{
						"time": 1.6667,
						"color": "ffffff00",
						"curve": [ 0.25, 0, 0.75, 1 ]
					},
					{ "time": 1.7667, "color": "ffffffff" }
				]
			},
			"hitlight_1": {
				"color": [
					{ "time": 0, "color": "ffffff00", "curve": "stepped" },
					{ "time": 2.3333, "color": "ffffff00" },
					{ "time": 2.4, "color": "ffffffff" }
				]
			},
			"hitlight_2": {
				"color": [
					{ "time": 0, "color": "ffffff00" }
				]
			},
			"hitlight_3": {
				"color": [
					{ "time": 0, "color": "ffffff00" }
				]
			},
			"hitlight_4": {
				"color": [
					{ "time": 0, "color": "ffffff00" }
				]
			}
		},
		"bones": {
			"t_shirt": {
				"translate": [
					{
						"time": 0,
						"x": 3.55,
						"y": -1.5,
						"curve": [ 0.25, 0, 0.75, 1 ]
					},
					{
						"time": 0.6667,
						"x": 0,
						"y": 0,
						"curve": [ 0.25, 0, 0.75, 1 ]
					},
					{
						"time": 1.3333,
						"x": 3.55,
						"y": -1.5,
						"curve": [ 0.25, 0, 0.75, 1 ]
					},
					{
						"time": 1.8667,
						"x": 0,
						"y": 0,
						"curve": [ 0.25, 0, 0.75, 1 ]
					},
					{ "time": 2.3667, "x": 58.27, "y": -25.76 }
				]
			},
			"t_shirt5": {
				"translate": [
					{
						"time": 0,
						"x": -4.29,
						"y": 0,
						"curve": [ 0.25, 0, 0.75, 1 ]
					},
					{
						"time": 0.1,
						"x": -4.67,
						"y": 0,
						"curve": [ 0.25, 0, 0.75, 1 ]
					},
					{
						"time": 0.7667,
						"x": 0,
						"y": 0,
						"curve": [ 0.25, 0, 0.75, 1 ]
					},
					{
						"time": 1.4333,
						"x": -4.67,
						"y": 0,
						"curve": [ 0.25, 0, 0.75, 1 ]
					},
					{ "time": 2.1, "x": 0, "y": 0 }
				]
			},
			"t_shirt3": {
				"rotate": [
					{
						"time": 0,
						"angle": 0,
						"curve": [ 0.25, 0, 0.75, 1 ]
					},
					{
						"time": 0.6667,
						"angle": -4.36,
						"curve": [ 0.25, 0, 0.75, 1 ]
					},
					{
						"time": 1.3333,
						"angle": 0,
						"curve": [ 0.25, 0, 0.75, 1 ]
					},
					{
						"time": 2,
						"angle": -4.36,
						"curve": [ 0.245, 0, 0.637, 0.56 ]
					},
					{
						"time": 2.2,
						"angle": -3.17,
						"curve": [ 0.381, 0.55, 0.742, 1 ]
					},
					{ "time": 2.3667, "angle": 15.78 }
				]
			},
			"t_shirt4": {
				"rotate": [
					{
						"time": 0,
						"angle": 0,
						"curve": [ 0.25, 0, 0.75, 1 ]
					},
					{
						"time": 0.6667,
						"angle": 2.98,
						"curve": [ 0.25, 0, 0.75, 1 ]
					},
					{
						"time": 1.3333,
						"angle": 0,
						"curve": [ 0.25, 0, 0.75, 1 ]
					},
					{
						"time": 2,
						"angle": 2.98,
						"curve": [ 0.245, 0, 0.637, 0.56 ]
					},
					{
						"time": 2.2,
						"angle": 22.16,
						"curve": [ 0.381, 0.55, 0.742, 1 ]
					},
					{
						"time": 2.3333,
						"angle": 69.82,
						"curve": [ 0.295, 0, 0.633, 0.37 ]
					},
					{ "time": 2.3667, "angle": 69.56 }
				],
				"translate": [
					{
						"time": 2,
						"x": 0,
						"y": 0,
						"curve": [ 0.25, 0, 0.75, 1 ]
					},
					{
						"time": 2.3333,
						"x": 1.81,
						"y": 8.16,
						"curve": [ 0.284, 0, 0.625, 0.38 ]
					},
					{ "time": 2.3667, "x": 1.74, "y": 8.14 }
				]
			},
			"head": {
				"rotate": [
					{
						"time": 0,
						"angle": 0,
						"curve": [ 0.25, 0, 0.75, 1 ]
					},
					{
						"time": 0.6667,
						"angle": -10.84,
						"curve": [ 0.25, 0, 0.75, 1 ]
					},
					{
						"time": 1.5,
						"angle": 0,
						"curve": [ 0.25, 0, 0.75, 1 ]
					},
					{ "time": 2.3667, "angle": -8.51 }
				]
			},
			"bat": {
				"rotate": [
					{
						"time": 0,
						"angle": -0.32,
						"curve": [ 0.25, 0, 0.75, 1 ]
					},
					{
						"time": 0.2667,
						"angle": 0,
						"curve": [ 0.25, 0, 0.75, 1 ]
					},
					{
						"time": 0.9333,
						"angle": -2.56,
						"curve": [ 0.25, 0, 0.75, 1 ]
					},
					{
						"time": 1.6,
						"angle": 0,
						"curve": [ 0.25, 0, 0.75, 1 ]
					},
					{
						"time": 1.9333,
						"angle": -2.56,
						"curve": [ 0.333, 0.28, 0.666, 0.61 ]
					},
					{
						"time": 2.0667,
						"angle": -38.31,
						"curve": [ 0.332, 0.27, 0.666, 0.6 ]
					},
					{
						"time": 2.2,
						"angle": -80.7,
						"curve": [ 0.332, 0.27, 0.665, 0.61 ]
					},
					{ "time": 2.3667, "angle": 95.84 }
				],
				"translate": [
					{
						"time": 0,
						"x": -0.14,
						"y": -2.64,
						"curve": [ 0.25, 0, 0.75, 1 ]
					},
					{
						"time": 0.1667,
						"x": -0.16,
						"y": -3.05,
						"curve": [ 0.25, 0, 0.75, 1 ]
					},
					{
						"time": 0.8333,
						"x": 0.18,
						"y": 3.26,
						"curve": [ 0.25, 0, 0.75, 1 ]
					},
					{
						"time": 1.5,
						"x": -0.25,
						"y": -4.55,
						"curve": [ 0.25, 0, 0.75, 1 ]
					},
					{
						"time": 1.8333,
						"x": 0,
						"y": 0,
						"curve": [ 0.269, 0, 0.618, 0.42 ]
					},
					{
						"time": 2.0667,
						"x": -8.08,
						"y": 22.79,
						"curve": [ 0.32, 0.29, 0.667, 0.67 ]
					},
					{
						"time": 2.2,
						"x": -23.67,
						"y": 36.97,
						"curve": [ 0.381, 0.55, 0.742, 1 ]
					},
					{ "time": 2.3667, "x": 56.98, "y": 86.73 }
				]
			},
			"foot_right": {
				"rotate": [
					{
						"time": 0,
						"angle": 4.49,
						"curve": [ 0.25, 0, 0.75, 1 ]
					},
					{
						"time": 0.6667,
						"angle": 0,
						"curve": [ 0.25, 0, 0.75, 1 ]
					},
					{
						"time": 1.3333,
						"angle": 4.49,
						"curve": [ 0.25, 0, 0.75, 1 ]
					},
					{
						"time": 2,
						"angle": 0,
						"curve": [ 0.25, 0, 0.75, 1 ]
					},
					{ "time": 2.3667, "angle": 19.18 }
				]
			},
			"foot_left": {
				"rotate": [
					{
						"time": 0,
						"angle": -8.95,
						"curve": [ 0.25, 0, 0.75, 1 ]
					},
					{
						"time": 0.6667,
						"angle": -3.54,
						"curve": [ 0.25, 0, 0.75, 1 ]
					},
					{
						"time": 1.3333,
						"angle": -8.95,
						"curve": [ 0.25, 0, 0.75, 1 ]
					},
					{
						"time": 2,
						"angle": -3.54,
						"curve": [ 0.25, 0, 0.75, 1 ]
					},
					{ "time": 2.3667, "angle": -6.59 }
				]
			},
			"foot_left_IK": {
				"translate": [
					{
						"time": 1.9333,
						"x": 0,
						"y": 0,
						"curve": [ 0.252, 0, 0.622, 0.48 ]
					},
					{
						"time": 2.1333,
						"x": 44.59,
						"y": 7.52,
						"curve": [ 0.377, 0.51, 0.749, 1 ]
					},
					{ "time": 2.3667, "x": 60.62, "y": -6.07 }
				]
			},
			"neck": {
				"rotate": [
					{
						"time": 1.8333,
						"angle": 0,
						"curve": [ 0.269, 0, 0.618, 0.42 ]
					},
					{
						"time": 2.0667,
						"angle": -10.74,
						"curve": [ 0.32, 0.29, 0.667, 0.67 ]
					},
					{
						"time": 2.2,
						"angle": -22.27,
						"curve": [ 0.381, 0.55, 0.742, 1 ]
					},
					{ "time": 2.3667, "angle": 43 }
				]
			},
			"foot_right_IK": {
				"translate": [
					{
						"time": 1.8333,
						"x": 0,
						"y": 0,
						"curve": [ 0.243, 0, 0.68, 0.71 ]
					},
					{ "time": 2.3667, "x": 10.3, "y": 0 }
				]
			},
			"thigh_right": {
				"translate": [
					{
						"time": 2,
						"x": 0,
						"y": 0,
						"curve": [ 0.248, 0, 0.629, 0.52 ]
					},
					{ "time": 2.3667, "x": 6.15, "y": -1.43 }
				]
			},
			"shadow_right": {
				"translate": [
					{
						"time": 1.5,
						"x": 0,
						"y": 0,
						"curve": [ 0.244, 0, 0.7, 0.79 ]
					},
					{ "time": 2.3667, "x": 10.75, "y": 0 }
				]
			},
			"shadow_left": {
				"translate": [
					{
						"time": 2,
						"x": 0,
						"y": 0,
						"curve": [ 0.258, 0, 0.619, 0.45 ]
					},
					{
						"time": 2.2,
						"x": 41.6,
						"y": -0.77,
						"curve": [ 0.335, 0.34, 0.685, 0.72 ]
					},
					{ "time": 2.3667, "x": 53.13, "y": -1.67 }
				]
			},
			"shouder": {
				"scale": [
					{
						"time": 1.8333,
						"x": 1,
						"y": 1,
						"curve": [ 0.243, 0, 0.68, 0.71 ]
					},
					{ "time": 2.3667, "x": 0.978, "y": 1 }
				]
			},
			"hand_left_IK": {
				"translate": [
					{
						"time": 1.8333,
						"x": 0,
						"y": 0,
						"curve": [ 0.243, 0, 0.68, 0.71 ]
					},
					{ "time": 2.3667, "x": 1.84, "y": 1.26 }
				]
			},
			"thigh-left": {
				"translate": [
					{
						"time": 1.8333,
						"x": 0,
						"y": 0,
						"curve": [ 0.243, 0, 0.68, 0.71 ]
					},
					{ "time": 2.3667, "x": -2.17, "y": 0 }
				]
			},
			"white_light": {
				"scale": [
					{ "time": 0, "x": 0, "y": 0, "curve": "stepped" },
					{
						"time": 2.3667,
						"x": 0,
						"y": 0,
						"curve": [ 0.243, 0, 0.649, 0.6 ]
					},
					{ "time": 2.4333, "x": 7.162, "y": 7.162 }
				]
			},
			"t_shirt6": {
				"rotate": [
					{
						"time": 2.1333,
						"angle": 0,
						"curve": [ 0.25, 0, 0.75, 1 ]
					},
					{
						"time": 2.2,
						"angle": -15.84,
						"curve": [ 0.25, 0, 0.75, 1 ]
					},
					{ "time": 2.2667, "angle": 0 }
				],
				"translate": [
					{
						"time": 2.1333,
						"x": 0,
						"y": 0,
						"curve": [ 0.25, 0, 0.75, 1 ]
					},
					{
						"time": 2.2,
						"x": -2.3,
						"y": 12.12,
						"curve": [ 0.25, 0, 0.75, 1 ]
					},
					{ "time": 2.2667, "x": 0, "y": 0 }
				]
			}
		},
		"paths": {
			"ball_small_into_movement": {
				"position": [
					{ "time": 0, "curve": "stepped" },
					{ "time": 1.6667 },
					{
						"time": 2.2,
						"position": 0.6667,
						"curve": [ 0.25, 0, 0.75, 1 ]
					},
					{ "time": 2.3667, "position": 1 }
				]
			}
		}
	},
	"out": {
		"slots": {
			"ball": {
				"color": [
					{
						"time": 0,
						"color": "ffffffff",
						"curve": [ 0.25, 0, 0.75, 1 ]
					},
					{ "time": 0.0667, "color": "ffffff00" }
				]
			},
			"hitlight_1": {
				"color": [
					{ "time": 0, "color": "ffffffff" },
					{ "time": 0.0667, "color": "ffffff00" }
				]
			},
			"hitlight_2": {
				"color": [
					{ "time": 0, "color": "ffffff00" },
					{ "time": 0.0667, "color": "ffffffff", "curve": "stepped" },
					{ "time": 0.1, "color": "ffffffff" },
					{ "time": 0.1667, "color": "ffffff00" }
				]
			},
			"hitlight_3": {
				"color": [
					{ "time": 0, "color": "ffffff00", "curve": "stepped" },
					{ "time": 0.1, "color": "ffffff00" },
					{ "time": 0.1667, "color": "ffffffff", "curve": "stepped" },
					{ "time": 0.2, "color": "ffffffff" },
					{ "time": 0.2667, "color": "ffffff00" }
				]
			},
			"hitlight_4": {
				"color": [
					{ "time": 0, "color": "ffffff00", "curve": "stepped" },
					{ "time": 0.2, "color": "ffffff00" },
					{ "time": 0.2667, "color": "ffffffff", "curve": "stepped" },
					{ "time": 0.3, "color": "ffffffff" },
					{ "time": 0.3667, "color": "ffffff00" }
				]
			},
			"white_light": {
				"color": [
					{
						"time": 0,
						"color": "ffffffff",
						"curve": [ 0.382, 0.56, 0.738, 1 ]
					},
					{ "time": 0.0667, "color": "ffffff00" }
				]
			}
		},
		"bones": {
			"t_shirt": {
				"translate": [
					{
						"time": 0,
						"x": 58.27,
						"y": -25.76,
						"curve": [ 0.25, 0, 0.75, 1 ]
					},
					{ "time": 0.4333, "x": 65.98, "y": -31.27 }
				]
			},
			"t_shirt3": {
				"rotate": [
					{
						"time": 0,
						"angle": 15.78,
						"curve": [ 0.25, 0, 0.75, 1 ]
					},
					{ "time": 0.3, "angle": 20.5 }
				]
			},
			"t_shirt4": {
				"rotate": [
					{
						"time": 0,
						"angle": 69.56,
						"curve": [ 0.303, 0.22, 0.756, 1 ]
					},
					{ "time": 0.2, "angle": 66.5 }
				],
				"translate": [
					{
						"time": 0,
						"x": 1.74,
						"y": 8.14,
						"curve": [ 0.32, 0.29, 0.757, 1 ]
					},
					{ "time": 0.1333, "x": 1.29, "y": 7.99 }
				]
			},
			"head": {
				"rotate": [
					{ "time": 0, "angle": -8.51 }
				]
			},
			"bat": {
				"rotate": [
					{
						"time": 0,
						"angle": 95.84,
						"curve": [ 0.25, 0, 0.75, 1 ]
					},
					{ "time": 0.3, "angle": 149.79 }
				],
				"translate": [
					{
						"time": 0,
						"x": 56.98,
						"y": 86.73,
						"curve": [ 0.25, 0, 0.75, 1 ]
					},
					{ "time": 0.3, "x": 53.38, "y": 116.8 }
				]
			},
			"foot_right": {
				"rotate": [
					{
						"time": 0,
						"angle": 19.18,
						"curve": [ 0.25, 0, 0.75, 1 ]
					},
					{ "time": 0.4333, "angle": 28.1 }
				]
			},
			"foot_left": {
				"rotate": [
					{
						"time": 0,
						"angle": -6.59,
						"curve": [ 0.25, 0, 0.75, 1 ]
					},
					{ "time": 0.4333, "angle": 1.67 }
				]
			},
			"foot_left_IK": {
				"translate": [
					{ "time": 0, "x": 60.62, "y": -6.07 }
				]
			},
			"neck": {
				"rotate": [
					{
						"time": 0,
						"angle": 43,
						"curve": [ 0.25, 0, 0.75, 1 ]
					},
					{ "time": 0.2, "angle": 45.44 }
				]
			},
			"foot_right_IK": {
				"translate": [
					{
						"time": 0,
						"x": 10.3,
						"y": 0,
						"curve": [ 0.375, 0.62, 0.716, 1 ]
					},
					{ "time": 0.1333, "x": 11.84, "y": 0 }
				]
			},
			"thigh_right": {
				"translate": [
					{
						"time": 0,
						"x": 6.15,
						"y": -1.43,
						"curve": [ 0.343, 0.36, 0.682, 0.71 ]
					},
					{ "time": 0.1333, "x": 8.87, "y": -2.06 }
				]
			},
			"shadow_right": {
				"translate": [
					{
						"time": 0,
						"x": 10.75,
						"y": 0,
						"curve": [ 0.366, 0.63, 0.703, 1 ]
					},
					{ "time": 0.1333, "x": 11.55, "y": 0 }
				]
			},
			"shadow_left": {
				"translate": [
					{
						"time": 0,
						"x": 53.13,
						"y": -1.67,
						"curve": [ 0.38, 0.59, 0.727, 1 ]
					},
					{ "time": 0.1333, "x": 58.59, "y": -2.1 }
				]
			},
			"shouder": {
				"scale": [
					{
						"time": 0,
						"x": 0.978,
						"y": 1,
						"curve": [ 0.375, 0.62, 0.716, 1 ]
					},
					{ "time": 0.1333, "x": 0.975, "y": 1 }
				]
			},
			"hand_left_IK": {
				"translate": [
					{
						"time": 0,
						"x": 1.84,
						"y": 1.26,
						"curve": [ 0.375, 0.62, 0.716, 1 ]
					},
					{ "time": 0.1333, "x": 2.11, "y": 1.45 }
				]
			},
			"thigh-left": {
				"translate": [
					{
						"time": 0,
						"x": -2.17,
						"y": 0,
						"curve": [ 0.375, 0.62, 0.716, 1 ]
					},
					{ "time": 0.1333, "x": -2.5, "y": 0 }
				]
			},
			"white_light": {
				"scale": [
					{
						"time": 0,
						"x": 7.162,
						"y": 7.162,
						"curve": [ 0.382, 0.57, 0.735, 1 ]
					},
					{ "time": 0.0333, "x": 10, "y": 10 }
				]
			},
			"person_action": {
				"translate": [
					{
						"time": 0.0333,
						"x": 0,
						"y": 0,
						"curve": [ 0.25, 0, 0.75, 1 ]
					},
					{ "time": 0.8, "x": -1232.12, "y": 0 }
				]
			}
		},
		"paths": {
			"ball_small_into_movement": {
				"position": [
					{ "time": 0, "position": 1 }
				]
			}
		}
	}
}
}